﻿번호,공연/전시구분,장르,공연/전시명,기간,장소
1,음악당,복합장르,The Voice of DUO 듀오 콘서트 신년음악회,2018-01-02,콘서트홀
2,음악당,교향곡,2018년 새해인사 나눔음악회,2018-01-03,콘서트홀
3,음악당,교향곡,서울시향 2018 신년음악회,2018-01-07,콘서트홀
4,음악당,교향곡,2018 신년음악회,2018-01-09,콘서트홀
5,음악당,클래식,조성진 피아노 리사이틀 (1.10),2018-01-10,콘서트홀
6,음악당,클래식,한화생명과 함께하는 예술의전당 11시콘서트(1월),2018-01-11,콘서트홀
7,음악당,클래식,조성진 피아노 리사이틀 (1.11),2018-01-11,콘서트홀
8,음악당,교향곡,KBS교향악단 제726회 정기연주회,2018-01-25,콘서트홀
9,음악당,교향곡,제9회 ARKO한국창작음악제,2018-01-26,콘서트홀
10,음악당,합창,빈 소년 합창단 신년음악회 (27일),2018-01-27,콘서트홀
11,음악당,합창,빈 소년 합창단 신년음악회 (28일),2018-01-28,콘서트홀
12,음악당,클래식,2018평창겨울음악제-Chamber Music and Dance Gala,2018-01-30,콘서트홀
13,음악당,클래식,2018평창겨울음악제-Opera Gala Concert,2018-01-31,콘서트홀
14,음악당,교향곡,서울시향 2018 베토벤 피아노 협주곡 황제,2018-02-01,콘서트홀
15,음악당,클래식,러브레터 - 이와이 슈운지 시네마 콘서트,2018-02-03,콘서트홀
16,음악당,교향곡,2018 KCO 신년음악회 - 제159회 정기연주회,2018-02-04,콘서트홀
17,음악당,,<제 4회 예술의전당 예술대상> 시상식,2018-02-07,콘서트홀
18,음악당,클래식,한화생명과 함께하는 예술의전당 11시콘서트(2월),2018-02-08,콘서트홀
19,음악당,클래식,2018 크로스오버심포니오케스트라 신년음악회,2018-02-08,콘서트홀
20,음악당,교향곡,제22회 유나이티드 필하모닉 오케스트라와 함께하는 가족음악회,2018-02-11,콘서트홀
21,음악당,교향곡,한화생명과 함께하는 예술의전당 11시 콘서트(2월),2018-02-13,콘서트홀
22,음악당,실내악,예술의전당 개관30주년 기념 음악회 - 사라 장과 17인의 비르투오지,2018-02-13,콘서트홀
23,음악당,성악,골든오페라 갈라 콘서트,2018-02-20,콘서트홀
24,음악당,클래식,곤지암 플루트 페스티벌 2018,2018-02-21,콘서트홀
25,음악당,교향곡,정치용 예술감독 취임 기념 음악회-코리안심포니오케스트라 제205회 정기연주회,2018-02-22,콘서트홀
26,음악당,교향곡,KBS교향악단 제727회 정기연주회,2018-02-23,콘서트홀
27,음악당,독주,지용 ‘I AM NOT THE SAME’,2018-02-24,콘서트홀
28,음악당,교향곡,함신익과 심포니 송 마스터즈 시리즈,2018-02-25,콘서트홀
29,음악당,교향곡,평화콘서트,2018-03-02,콘서트홀
30,음악당,이벤트콘서트,"WE콘서트, 음악으로 하나되는 우리",2018-03-03,콘서트홀
31,음악당,합창,베토벤 장엄미사ㅣ제69회 서울오라토리오 정기연주회 위대한 유산 시리즈 11,2018-03-04,콘서트홀
32,음악당,클래식,코리안팝스오케스트라 The Movie Night,2018-03-06,콘서트홀
33,음악당,클래식,임동혁 피아노 리사이틀,2018-03-07,콘서트홀
34,음악당,클래식,한화생명과 함께하는 예술의전당 11시콘서트(3월),2018-03-08,콘서트홀
35,음악당,교향곡,제5회 헤럴드필하모닉 오케스트라 정기연주회,2018-03-08,콘서트홀
36,음악당,실내악,100년전통 잘츠부르그 오케스트라 솔리스텐 신춘음악회,2018-03-09,콘서트홀
37,음악당,교향곡,서울시향 2018 올해의 음악가 이안 보스트리지①,2018-03-10,콘서트홀
38,음악당,교향곡,서울시향 2018 올해의 음악가 이안 보스트리지②,2018-03-11,콘서트홀
39,음악당,클래식,2018 세아이운형문화재단 음악회 '세상을 아름답게 하는 오페라 버킷',2018-03-13,콘서트홀
40,음악당,이벤트콘서트,한국 오페라 70주년 기념음악회,2018-03-14,콘서트홀
41,음악당,교향곡,제10회 솔리스트 브라스 밴드 정기연주회,2018-03-15,콘서트홀
42,음악당,교향곡,서울시향 2018 베토벤 교향곡 영웅,2018-03-16,콘서트홀
43,음악당,교향곡,신세계와 함께하는 2018 예술의전당 토요콘서트(3월),2018-03-17,콘서트홀
44,음악당,교향곡,서울챔버오케스트라 창단 40주년 기념 정기연주회,2018-03-18,콘서트홀
45,음악당,클래식,파가니니의 불꽃,2018-03-20,콘서트홀
46,음악당,실내악,제156회 서울신포니에타 정기연주회,2018-03-21,콘서트홀
47,음악당,교향곡,얍 판 츠베덴 - 경기필하모닉ㅣ경기필 비르투오소 시리즈 I,2018-03-22,콘서트홀
48,음악당,교향곡,KBS교향악단 제728회 정기연주회,2018-03-23,콘서트홀
49,음악당,클래식,LG와 함께하는 제14회 서울국제음악콩쿠르(결선),2018-03-24,콘서트홀
50,음악당,실내악,LG와 함께하는 제14회 서울국제음악콩쿠르(결선),2018-03-25,콘서트홀
51,음악당,합창,국립합창단 제172회 정기연주회 열정의 탱고와 한국의 얼의 조우,2018-03-27,콘서트홀
52,음악당,교향곡,케빈 케너 피아노 리사이틀,2018-03-28,콘서트홀
53,음악당,합창,서울모테트합창단 제109회 정기연주회,2018-03-29,콘서트홀
54,음악당,클래식,머니투데이방송과 함께하는 스타콘서트,2018-03-30,콘서트홀
55,음악당,교향곡,2018 교향악축제 전야제 (3.31),2018-03-31,콘서트홀
56,음악당,교향곡,2018 교향악축제 - KBS교향악단 (4.1),2018-04-01,콘서트홀
57,음악당,교향곡,2018 교향악축제 - 대구시립교향악단 (4.3),2018-04-03,콘서트홀
58,음악당,교향곡,2018 교향악축제 - 대전시립교향악단 (4.4),2018-04-04,콘서트홀
59,음악당,교향곡,2018 교향악축제 - 대만국가교향악단 (4.5),2018-04-05,콘서트홀
60,음악당,교향곡,2018 교향악축제 - 서울시립교향악단 (4.6),2018-04-06,콘서트홀
61,음악당,교향곡,2018 교향악축제 - 경기필하모닉 오케스트라 (4.7),2018-04-07,콘서트홀
62,음악당,교향곡,2018 교향악축제 - 춘천시립교향악단 (4.10),2018-04-10,콘서트홀
63,음악당,교향곡,2018 교향악축제 - 전주시립교향악단 (4.11),2018-04-11,콘서트홀
64,음악당,교향곡,한화생명과 함께하는 예술의전당 11시콘서트(4월),2018-04-12,콘서트홀
65,음악당,교향곡,2018 교향악축제 - 코리안심포니오케스트라 (4.12),2018-04-12,콘서트홀
66,음악당,교향곡,2018 교향악축제 - 부산시립교향악단 (4.13),2018-04-13,콘서트홀
67,음악당,교향곡,2018 교향악축제 - 광주시립교향악단 (4.14),2018-04-14,콘서트홀
68,음악당,교향곡,2018 교향악축제 - 원주시립교향악단 (4.15),2018-04-15,콘서트홀
69,음악당,교향곡,2018 교향악축제 - 군포 프라임필하모닉오케스트라 (4.17),2018-04-17,콘서트홀
70,음악당,교향곡,2018 교향악축제 - 과천시립교향악단 (4.18),2018-04-18,콘서트홀
71,음악당,교향곡,2018 교향악축제 - 강남심포니오케스트라 (4.19),2018-04-19,콘서트홀
72,음악당,교향곡,2018 교향악축제 - 제주특별자치도립 제주교향악단 (4.20),2018-04-20,콘서트홀
73,음악당,교향곡,신세계와 함께하는 2018 예술의전당 토요콘서트(4월),2018-04-21,콘서트홀
74,음악당,교향곡,2018 교향악축제 - 부천필하모닉오케스트라 (4.21),2018-04-21,콘서트홀
75,음악당,클래식,"불의 바이올리니스트, 로랑 코르샤 내한공연 with 변애영",2018-04-22,콘서트홀
76,음악당,독주,마르틴 슈타트펠트 피아노 리사이틀,2018-04-24,콘서트홀
77,음악당,성악,메조소프라노 이아경 [슈만의 '여인의 사랑과 생애'],2018-04-25,콘서트홀
78,음악당,성악,"봄, 가곡의 향연",2018-04-26,콘서트홀
79,음악당,교향곡,KBS교향악단 제729회 정기연주회,2018-04-27,콘서트홀
80,음악당,클래식,신지아 반전反轉,2018-04-28,콘서트홀
81,음악당,복합장르,Voice of You 유엔젤보이스 5월 愛 콘서트,2018-05-08,콘서트홀
82,음악당,교향곡,제35회 크누아 윈드 오케스트라 정기연주회,2018-05-09,콘서트홀
83,음악당,교향곡,국립국악관현악단 관현악시리즈 베스트컬렉션 Ⅳ-박범훈,2018-06-01,콘서트홀
84,음악당,교향곡,도이치 방송 오케스트라,2018-06-02,콘서트홀
85,음악당,이벤트콘서트,제38회 그대있음에,2018-06-03,콘서트홀
86,음악당,클래식,제 5회 리움챔버오케스트라 정기연주회,2018-06-05,콘서트홀
87,음악당,교향곡,코리안심포니오케스트라 제206회 정기연주회,2018-06-06,콘서트홀
88,음악당,,지브리 필름 앤 뮤직 페스티벌 with 어쿠스틱카페,2018-06-07,콘서트홀
89,음악당,클래식,빅토리아 뮬로바 & 제네바 카메라타,2018-06-08,콘서트홀
90,음악당,클래식,2018 비보컬 특별초청콘서트,2018-06-09,콘서트홀
91,음악당,클래식,한경필하모닉 호국보훈음악회,2018-06-10,콘서트홀
92,음악당,클래식,"2018 안익태기념음악회 - 나의 조국, 나의 노래 -",2018-06-12,콘서트홀
93,음악당,클래식,서울대학교 윈드앙상블 연주회,2018-06-13,콘서트홀
94,음악당,교향곡,한화생명과 함께하는 예술의전당 11시콘서트(6월),2018-06-14,콘서트홀
95,음악당,클래식,신세계 클래식 페스티벌,2018-06-14,콘서트홀
96,음악당,클래식,한화클래식 2018,2018-06-15,콘서트홀
97,음악당,교향곡,신세계와 함께하는 2018 예술의전당 토요콘서트(6월),2018-06-16,콘서트홀
98,음악당,이벤트콘서트,한화클래식 2018,2018-06-16,콘서트홀
99,음악당,독주,레이 첸 바이올린 리사이틀,2018-06-17,콘서트홀
100,음악당,합창,이마에스트리 제13회 정기연주회,2018-06-19,콘서트홀
101,음악당,교향곡,한국예술종합학교 음악원 개원 25주년 기념 음악회,2018-06-20,콘서트홀
102,음악당,합창,코리아남성합창단 제19회 정기연주회,2018-06-21,콘서트홀
103,음악당,클래식,베르디 레퀴엠,2018-06-22,콘서트홀
104,음악당,클래식,두드림 파라다이스,2018-06-23,콘서트홀
105,음악당,교향곡,루체른 심포니,2018-06-24,콘서트홀
106,음악당,합창,[창단30주년기념]부천시립합창단 제136회 정기연주회_위대한작곡가시리즈6(I) 라흐마니노프,2018-06-26,콘서트홀
107,음악당,교향곡,코리안심포니오케스트라 넥스트 스테이지 - 차웅.김범준,2018-06-27,콘서트홀
108,음악당,교향곡,서울시향 2018 마르쿠스 슈텐츠의 모차르트 교향곡①,2018-06-28,콘서트홀
109,음악당,교향곡,서울시향 2018 마르쿠스 슈텐츠의 모차르트 교향곡②,2018-06-29,콘서트홀
110,음악당,교향곡,KBS교향악단 제731회 정기연주회,2018-06-30,콘서트홀
111,음악당,클래식,"하루키, 애니메이션 거장을 만나다",2018-07-01,콘서트홀
112,음악당,클래식,"하루키, 애니메이션 거장을 만나다",2018-07-01,콘서트홀
113,음악당,클래식,세종솔로이스츠의 힉엣눙크! 서울 갈라콘서트,2018-07-03,콘서트홀
114,음악당,합창,제18회 코리아합창페스티벌 2,2018-07-04,콘서트홀
115,음악당,교향곡,[창단 30주년 기념]부천필하모닉오케스트라 제237회 정기연주회_말러가 바라본 베토벤,2018-07-05,콘서트홀
116,음악당,교향곡,서울시향 2018 바흐의 요한 수난곡①,2018-07-06,콘서트홀
117,음악당,교향곡,서울시향 2018 바흐의 요한 수난곡②,2018-07-07,콘서트홀
118,음악당,교향곡,2018 제8회 연천DMZ국제음악제 8주년 기념음악회,2018-07-08,콘서트홀
119,음악당,교향곡,(사)뉴서울필하모닉 창단27주년 기념 정기연주회,2018-07-10,콘서트홀
120,음악당,성악,제6회 유럽오페라극장 주역가수 초청 오페라 갈라콘서트,2018-07-11,콘서트홀
121,음악당,교향곡,한화생명과 함께하는 예술의전당 11시콘서트(7월),2018-07-12,콘서트홀
122,음악당,복합장르,30년 달려오다 하성호와 서울팝스,2018-07-12,콘서트홀
123,음악당,교향곡,리오샴바달 - 경기필하모닉,2018-07-13,콘서트홀
124,음악당,클래식,2018 퀸 엘리자베스 콩쿠르 갈라 콘서트 인 서울,2018-07-15,콘서트홀
125,음악당,교향곡,2018 교보 노블리에 콘서트,2018-07-17,콘서트홀
126,음악당,교향곡,2018 교보 노블리에 콘서트,2018-07-18,콘서트홀
127,음악당,교향곡,KBS교향악단 제732회 정기연주회,2018-07-20,콘서트홀
128,음악당,교향곡,신세계와 함께하는 2018 예술의전당 토요콘서트(7월),2018-07-21,콘서트홀
129,음악당,독주,프레디 켐프 피아노 리사이틀,2018-07-22,콘서트홀
130,음악당,합창,더 멘즈 콰이어 창단 10주년 기념음악회,2018-08-07,콘서트홀
131,음악당,교향곡,달빛의 선율,2018-08-08,콘서트홀
132,음악당,교향곡,한화생명과 함께하는 예술의전당 11시콘서트(8월),2018-08-09,콘서트홀
133,음악당,교향곡,(사)서울오케스트라 이음콘서트,2018-08-09,콘서트홀
134,음악당,실내악,Club M 클럽 엠 La Belle Epoque : 새로운 시대,2018-08-10,콘서트홀
135,음악당,교향곡,팬아시아필하모니아와 음악칼럼니스트 장일범이 함께 하는 세계음악여행,2018-08-11,콘서트홀
136,음악당,실내악,여름방학 해설이 있는 청소년 음악회7,2018-08-12,콘서트홀
137,음악당,교향곡,목프로덕션 여름밤 음악회 <더 클래식: 바흐>,2018-08-14,콘서트홀
138,음악당,합창,2018 한민족합창축제,2018-08-15,콘서트홀
139,음악당,합창,2018 한민족합창축제,2018-08-16,콘서트홀
140,음악당,교향곡,신세계와 함께하는 2018 예술의전당 토요콘서트(8월),2018-08-18,콘서트홀
141,음악당,교향곡,제26회 유나이티드 필하모닉 오케스트라와 함께하는 가족음악회,2018-08-18,콘서트홀
142,음악당,,2018 라벨라 시그니처 시리즈 그랜드 갈라 1,2018-08-21,콘서트홀
143,음악당,교향곡,제16회 코리아니쉬 플루트 오케스트라 정기연주회,2018-08-22,콘서트홀
144,음악당,교향곡,KBS교향악단 제733회 정기연주회,2018-08-23,콘서트홀
145,음악당,교향곡,KBS교향악단 제733회 정기연주회-기부콘서트,2018-08-24,콘서트홀
146,음악당,교향곡,서울윈드앙상블 제101회 정기연주회,2018-08-25,콘서트홀
147,음악당,복합장르,애니메이션 OST 어벤져스 페스티벌,2018-08-26,콘서트홀
148,음악당,합창,아리랑코러스 서울 제3회 정기연주회 -칸타타 한강,2018-08-28,콘서트홀
149,음악당,합창,숭실OB남성합창단 창단 45주년 제38회 정기연주회,2018-08-30,콘서트홀
150,음악당,교향곡,포스메가남성합창단 제27회 정기연주회,2018-08-31,콘서트홀
151,음악당,교향곡,[창단 30주년 기념]부천필하모닉오케스트라 베스트 클래식 시리즈 Ⅲ_리스트와 베를리오즈,2018-09-01,콘서트홀
152,음악당,교향곡,정명훈 & 원 코리아 오케스트라 <평화콘서트>,2018-09-02,콘서트홀
153,음악당,합창,영혼을 울리는 음악회 V,2018-09-04,콘서트홀
154,음악당,클래식,조수미 콘서트 One Night in Paris #1,2018-09-05,콘서트홀
155,음악당,교향곡,서울시향 2018 리오넬 브랑기에의 프로코피에프,2018-09-07,콘서트홀
156,음악당,교향곡,마시모자네티 - 경기필하모닉,2018-09-08,콘서트홀
157,음악당,독주,김선욱 피아노 리사이틀,2018-09-09,콘서트홀
158,음악당,클래식,Gold & Wise Concert 정경화 & 조성진 듀오 콘서트,2018-09-11,콘서트홀
159,음악당,클래식,예술의전당 개관30주년 기념-월드 프리미어 시리즈 II <정경화 & 조성진 듀오 콘서트>,2018-09-12,콘서트홀
160,음악당,교향곡,한화생명과 함께하는 예술의전당 11시콘서트(9월),2018-09-13,콘서트홀
161,음악당,교향곡,코리안심포니오케스트라 제207회 정기연주회,2018-09-13,콘서트홀
162,음악당,교향곡,서울시향 2018 미클로시 페레니의 차이콥스키①,2018-09-14,콘서트홀
163,음악당,교향곡,신세계와 함께하는 2018 예술의전당 토요콘서트(9월),2018-09-15,콘서트홀
164,음악당,교향곡,서울시향 2018 미클로시 페레니의 차이콥스키②,2018-09-15,콘서트홀
165,음악당,클래식,2018 예술의전당 회원음악회,2018-09-16,콘서트홀
166,음악당,합창,국립합창단 제174회 정기연주회 모차르트의 C단조 미사(대미사),2018-09-18,콘서트홀
167,음악당,교향곡,제70주년 국군의 날 기념 2018 국군교향악단 정기연주회,2018-09-19,콘서트홀
168,음악당,교향곡,과천시립교향악단제56회정기연주회,2018-09-20,콘서트홀
169,음악당,교향곡,서울시민을 위한 가을콘서트,2018-09-21,콘서트홀
170,음악당,이벤트콘서트,한국의 얼과 도산 안창호,2018-09-27,콘서트홀
171,음악당,교향곡,KBS교향악단 제734회 정기연주회,2018-09-28,콘서트홀
172,음악당,성악,The New Vision Concert,2018-09-29,콘서트홀
173,음악당,클래식,음악원 25주년 기념 피아노 오케스트라 콘서트,2018-09-30,콘서트홀
174,음악당,합창,수원시립합창단 제169회 정기연주회,2018-10-02,콘서트홀
175,음악당,교향곡,고양필하모닉오케스트라 로맨틱 칸타빌레,2018-10-03,콘서트홀
176,음악당,합창,"지휘자 윤학원, 합창 인생 60주년 기념 음악회",2018-10-04,콘서트홀
177,음악당,성악,모차르트 오페라 콘체르탄테 - 돈 조반니,2018-10-05,콘서트홀
178,음악당,독주,김정원 피아노 전국 투어 리사이틀,2018-10-06,콘서트홀
179,음악당,교향곡,손열음의 [아마데우스],2018-10-07,콘서트홀
180,음악당,합창,대전시립합창단 서울특별연주회,2018-10-09,콘서트홀
181,음악당,교향곡,한화생명과 함께하는 예술의전당 11시콘서트(10월),2018-10-11,콘서트홀
182,음악당,교향곡,서울시향2018 번스타인 100주년기념 오페레타 캔디드①,2018-10-12,콘서트홀
183,음악당,교향곡,서울시향2018 번스타인 100주년기념 오페레타 캔디드②,2018-10-13,콘서트홀
184,음악당,독주,클라라 주미강 & 알레시오 백스 듀오 리사이틀,2018-10-14,콘서트홀
185,음악당,합창,2018 한국합창대제전,2018-10-16,콘서트홀
186,음악당,클래식,효성과 함께 하는 요요 마 ＆ 실크로드 앙상블,2018-10-17,콘서트홀
187,음악당,성악,2018년 제10회 세일 한국가곡의 밤,2018-10-18,콘서트홀
188,음악당,교향곡,KBS교향악단 제735회 정기연주회,2018-10-19,콘서트홀
189,음악당,교향곡,신세계와 함께하는 2018 예술의전당 토요콘서트(10월),2018-10-20,콘서트홀
190,음악당,성악,"바리톤 김성길, 이응광 가곡 콘서트",2018-10-20,콘서트홀
191,음악당,합창,합창단 음악이있는마을 제18회 정기연주회,2018-10-21,콘서트홀
192,음악당,교향곡,코리안심포니오케스트라 제208회 정기연주회,2018-10-23,콘서트홀
193,음악당,합창,서울모테트합창단 창단30주년기념 마스터피스 시리즈 I F. Mendelssohn Elias,2018-10-24,콘서트홀
194,음악당,,Opera 라 트라비아타 in Concert,2018-10-25,콘서트홀
195,음악당,교향곡,서울시향 2018 아르스 노바 IV: 관현악 콘서트,2018-10-26,콘서트홀
196,음악당,교향곡,제29회 이건음악회,2018-10-27,콘서트홀
197,음악당,독주,제29회 이건음악회,2018-10-27,콘서트홀
198,음악당,클래식,예프게니 키신 피아노 리사이틀,2018-10-28,콘서트홀
199,음악당,교향곡,2018 예술의전당 대학오케스트라축제 - 서울대학교,2018-10-30,콘서트홀
200,음악당,교향곡,2018 예술의전당 대학오케스트라축제 - 한국예술종합학교,2018-10-31,콘서트홀
201,음악당,실내악,세계 초연 독도의 사계,2018-11-11,콘서트홀
202,음악당,클래식,김자경오페라단 50주년 기념 오페라갈라콘서트,2018-11-18,콘서트홀
203,음악당,클래식,사랑과 희망의 하모니,2018-12-01,콘서트홀
204,음악당,교향곡,창단41주년 코리아필하모니오케스트라 정기연주회,2018-12-05,콘서트홀
205,음악당,클래식,DG120주년 기념 갈라 콘서트 (협연: 조성진),2018-12-06,콘서트홀
206,음악당,이벤트콘서트,DG120주년 기념 갈라 콘서트 (협연 : 안네 소피 무터),2018-12-07,콘서트홀
207,음악당,합창,국립합창단 제175회 정기연주회 헨델의 메시아,2018-12-08,콘서트홀
208,음악당,교향곡,KCO 2018 송년음악회,2018-12-09,콘서트홀
209,음악당,합창,서울모테트합창단 창단 30주년 기념 마스터피스 시리즈 II 헨델의 메시아,2018-12-11,콘서트홀
210,음악당,교향곡,한화생명과 함께하는 예술의전당 11시콘서트(12월),2018-12-13,콘서트홀
211,음악당,이벤트콘서트,With POSCO Concert,2018-12-13,콘서트홀
212,음악당,교향곡,신세계와 함께하는 2018 예술의전당 토요콘서트(12월),2018-12-15,콘서트홀
213,음악당,,가자! 산타마을로!,2018-12-15,콘서트홀
214,음악당,이벤트콘서트,제 11회 한미친선송년음악회,2018-12-16,콘서트홀
215,음악당,합창,2018 파리나무십자가 소년합창단 크리스마스 콘서트(12.19),2018-12-19,콘서트홀
216,음악당,합창,2018 파리나무십자가 소년합창단 크리스마스 콘서트(12.20),2018-12-20,콘서트홀
217,음악당,교향곡,서울시향 2018 티에리 피셔의 합창+①,2018-12-21,콘서트홀
218,음악당,교향곡,서울시향 2018 티에리 피셔의 합창+②,2018-12-22,콘서트홀
219,음악당,,디즈니 필름 콘서트 겨울왕국,2018-12-23,콘서트홀
220,음악당,클래식,슈퍼히어로와 함께하는 크리스마스 콘서트,2018-12-25,콘서트홀
221,음악당,이벤트콘서트,2018 크리스마스 콘서트 <유키 구라모토와 친구들>,2018-12-26,콘서트홀
222,음악당,성악,제35회 한국오페라70주년기념 쏠리스트앙상블 송년음악회,2018-12-27,콘서트홀
223,음악당,교향곡,KBS교향악단 제737회 정기연주회,2018-12-28,콘서트홀
224,음악당,클래식,리처드 용재 오닐 : 선물,2018-12-29,콘서트홀
225,음악당,교향곡,2018 우리은행과 함께하는 예술의전당 제야음악회,2018-12-31,콘서트홀
226,음악당,독주,김선민 피아노 독주회,2018-01-02,IBK챔버홀
227,음악당,독주,전후국 바이올린 독주회,2018-01-04,IBK챔버홀
228,음악당,실내악,빈 앙상블 제2회 정기연주회,2018-01-05,IBK챔버홀
229,음악당,클래식,김덕우 바이올린 리사이틀,2018-01-06,IBK챔버홀
230,음악당,클래식,이럴때 이런음악 15주년 기념 스페셜 에피소드,2018-01-06,IBK챔버홀
231,음악당,실내악,엘랑 목관오중주 제2회 정기연주회,2018-01-07,IBK챔버홀
232,음악당,실내악,Trio Leporem,2018-01-07,IBK챔버홀
233,음악당,실내악,KCO 트로이카콘서트 시리즈 17,2018-01-09,IBK챔버홀
234,음악당,교향곡,테너 박성원 교수 제자 음악회,2018-01-10,IBK챔버홀
235,음악당,실내악,조이오브스트링스 신년음악회 <두드림>,2018-01-11,IBK챔버홀
236,음악당,실내악,제8회 아니마 체임버 정기연주회,2018-01-25,IBK챔버홀
237,음악당,성악,이 베아띠 제 18회 정기연주회,2018-01-26,IBK챔버홀
238,음악당,교향곡,겨울 세레나데,2018-01-27,IBK챔버홀
239,음악당,독주,오윤주 피아노 독주회,2018-01-27,IBK챔버홀
240,음악당,클래식,첼로프로젝트 제6회 정기연주회,2018-01-28,IBK챔버홀
241,음악당,실내악,미루스 트리오 콘서트 시리즈 Ⅱ,2018-01-28,IBK챔버홀
242,음악당,실내악,에제르 챔버 오케스트라 제2회 정기연주회,2018-01-30,IBK챔버홀
243,음악당,실내악,2018 문화가 있는 날 SAC 아티스트 라운지(1월),2018-01-31,IBK챔버홀
244,음악당,독주,클래식 기타리스트 배장흠 독주회,2018-02-01,IBK챔버홀
245,음악당,실내악,뷔에르 앙상블 제3회 정기연주회,2018-02-02,IBK챔버홀
246,음악당,실내악,플루트 앙상블 아디나 제7회 정기연주회,2018-02-03,IBK챔버홀
247,음악당,실내악,앙상블 에스프리 콘서트,2018-02-03,IBK챔버홀
248,음악당,실내악,제9회 콘체르티노 앙상블 정기연주회,2018-02-04,IBK챔버홀
249,음악당,실내악,에뜨왈 스트링 콰르텟 제2회 정기연주회,2018-02-04,IBK챔버홀
250,음악당,실내악,피아모레 제2회 정기연주회,2018-02-06,IBK챔버홀
251,음악당,독주,윤여훈 첼로 독주회,2018-02-07,IBK챔버홀
252,음악당,실내악,KCO 첼로 앙상블 제5회 정기연주회,2018-02-08,IBK챔버홀
253,음악당,독주,최현아 귀국 피아노 독주회,2018-02-09,IBK챔버홀
254,음악당,독주,이석중 바이올린 독주회,2018-02-10,IBK챔버홀
255,음악당,합창,국립합창단 제171회 정기연주회 창작합창의 밤,2018-02-10,IBK챔버홀
256,음악당,실내악,V9 제2회 정기연주회,2018-02-11,IBK챔버홀
257,음악당,실내악,앙상블 화[和] 콘서트,2018-02-11,IBK챔버홀
258,음악당,실내악,서울챔버앙상블 제66회 정기연주회,2018-02-13,IBK챔버홀
259,음악당,독주,피아니스트 주희성 베토벤 함머클라비어: 첫 음반 발매 리사이틀,2018-02-20,IBK챔버홀
260,음악당,독주,진은준 트럼펫 독주회,2018-02-21,IBK챔버홀
261,음악당,성악,바리톤 성승욱 리사이틀,2018-02-22,IBK챔버홀
262,음악당,교향곡,팬아시아필하모니아 제5회 정기연주회 -모차르트 시리즈1,2018-02-23,IBK챔버홀
263,음악당,실내악,제5회 실내악스케치,2018-02-24,IBK챔버홀
264,음악당,독주,얀 리치에츠키 피아노 리사이틀,2018-02-24,IBK챔버홀
265,음악당,클래식,"제20회 아티너스 정기연주회 우리 함께 춤을, again",2018-02-25,IBK챔버홀
266,음악당,실내악,지음지기 브라스 콰이어 다섯 번째 이야기,2018-02-25,IBK챔버홀
267,음악당,실내악,[공연취소] 2020 예술의전당 아티스트 라운지 (2월),2018-02-26,IBK챔버홀
268,음악당,실내악,유럽의 거장들과 함께하는 실내악의 밤 Aimez-vous Brahms..?,2018-02-27,IBK챔버홀
269,음악당,실내악,2018 문화가 있는 날 SAC 아티스트 라운지(2월),2018-02-28,IBK챔버홀
270,음악당,독주,나윤주 첼로 독주회,2018-03-01,IBK챔버홀
271,음악당,실내악,오케스트라 앙상블 서울 OES의 쇤베르크 정화된 밤,2018-03-02,IBK챔버홀
272,음악당,실내악,코리안 피스 오케스트라 제4회 정기연주회,2018-03-03,IBK챔버홀
273,음악당,실내악,아르끼뮤직소사이어티 2018 정기연주회,2018-03-03,IBK챔버홀
274,음악당,독주,피아니스트 김 준 리사이틀,2018-03-04,IBK챔버홀
275,음악당,독주,김현미 바이올린 독주회,2018-03-04,IBK챔버홀
276,음악당,실내악,서울시향 2018 실내악 시리즈 I,2018-03-06,IBK챔버홀
277,음악당,독주,나정혜 피아노 독주회,2018-03-07,IBK챔버홀
278,음악당,실내악,The Felix Trio - 시대의 소음 - [Shostakovich],2018-03-08,IBK챔버홀
279,음악당,독주,김성훈 피아노 독주회-브람스 전곡 시리즈4,2018-03-09,IBK챔버홀
280,음악당,교향곡,2018 코리안심포니오케스트라 실내악 시리즈,2018-03-10,IBK챔버홀
281,음악당,실내악,라임오페라앙상블 정기연주회,2018-03-10,IBK챔버홀
282,음악당,클래식,해피버스데이 피아졸라,2018-03-11,IBK챔버홀
283,음악당,실내악,화이트데이 콘서트,2018-03-11,IBK챔버홀
284,음악당,합창,바흐솔리스텐서울 마스터피스시리즈 VII,2018-03-13,IBK챔버홀
285,음악당,실내악,2018 앙상블 모인 정기연주회,2018-03-14,IBK챔버홀
286,음악당,성악,바리톤 나건용 독창회,2018-03-15,IBK챔버홀
287,음악당,실내악,"한상일, 이우일 젠틀듀오 리사이틀",2018-03-16,IBK챔버홀
288,음악당,실내악,Bon Soloists,2018-03-17,IBK챔버홀
289,음악당,실내악,룩스 트리오 제1회 정기연주회,2018-03-17,IBK챔버홀
290,음악당,이벤트콘서트,GRE 기타 앙상블 콘서트,2018-03-18,IBK챔버홀
291,음악당,실내악,백주영&일리야 라쉬코프스키 듀오 리사이틀,2018-03-18,IBK챔버홀
292,음악당,독주,손민수 베토벤 피아노 소나타 전곡 시리즈 2,2018-03-20,IBK챔버홀
293,음악당,실내악,양고운 바이올린 리사이틀,2018-03-21,IBK챔버홀
294,음악당,교향곡,피아니스트 윤철희의 모차르트 협주곡 연주회,2018-03-22,IBK챔버홀
295,음악당,실내악,서울시향 2018 아모레퍼시픽과 함께하는 아르스 노바 I: 실내악 콘서트,2018-03-23,IBK챔버홀
296,음악당,실내악,라 메르 에 릴(바다와섬) 제12회 정기연주회,2018-03-24,IBK챔버홀
297,음악당,실내악,파체 더 듀얼,2018-03-24,IBK챔버홀
298,음악당,실내악,클라리넷 콰르텟 플레이어스 제 3회 정기연주회,2018-03-25,IBK챔버홀
299,음악당,실내악,서울 솔리스트 첼로 앙상블 제23회 정기연주회,2018-03-25,IBK챔버홀
300,음악당,독주,유시연의 테마콘서트 XV Gratitude,2018-03-27,IBK챔버홀
301,음악당,교향곡,2018 문화가 있는 날 SAC 아티스트 라운지(3월),2018-03-28,IBK챔버홀
302,음악당,실내악,아니마 체임버 앙상블의 실내악 음악회,2018-03-29,IBK챔버홀
303,음악당,독주,피경선 피아노 독주회,2018-03-30,IBK챔버홀
304,음악당,교향곡,창작 오페라 ‘몽월 (夢月)’ 갈라 콘서트,2018-03-31,IBK챔버홀
305,음악당,독주,유재경 피아노 독주회,2018-03-31,IBK챔버홀
306,음악당,실내악,제4회 코리아 하프 페스티벌 폐막 공연,2018-04-01,IBK챔버홀
307,음악당,독주,최영미 피아노 독주회,2018-04-01,IBK챔버홀
308,음악당,실내악,Quartet S 제2회 정기연주회,2018-04-03,IBK챔버홀
309,음악당,성악,이탈리아 성악회 제 65회 정기연주회,2018-04-04,IBK챔버홀
310,음악당,실내악,비올리스트 조명희 and Ensemble For Viola,2018-04-05,IBK챔버홀
311,음악당,실내악,윈뮤지션스 제 2회 정기연주회,2018-04-06,IBK챔버홀
312,음악당,실내악,바이올리니스트 카라 남 리사이틀,2018-04-07,IBK챔버홀
313,음악당,클래식,"제38회 한국리스트협회 정기연주회 ""리스트와친구들 I""",2018-04-07,IBK챔버홀
314,음악당,실내악,플루트와 오보에: 바로크 인스피레이션,2018-04-08,IBK챔버홀
315,음악당,실내악,김응수 한소라 바이올린 듀오 리사이틀,2018-04-08,IBK챔버홀
316,음악당,실내악,24회 듀오 스타콘서트,2018-04-11,IBK챔버홀
317,음악당,실내악,서울시향 2018 실내악 시리즈 II,2018-04-12,IBK챔버홀
318,음악당,실내악,2018 KBS교향악단 실내악 시리즈 I - 더 첼로 The Cello,2018-04-13,IBK챔버홀
319,음악당,실내악,서울튜티앙상블 창단30주년 기념음악회,2018-04-14,IBK챔버홀
320,음악당,성악,바리톤 고성현 사랑의 봄을 노래하다,2018-04-14,IBK챔버홀
321,음악당,실내악,아베끄 스트링 콰르텟 제4회 정기연주회,2018-04-15,IBK챔버홀
322,음악당,실내악,KCO 트로이카콘서트 시리즈 18,2018-04-15,IBK챔버홀
323,음악당,실내악,서울 스트링 앙상블 제51회 정기연주회,2018-04-17,IBK챔버홀
324,음악당,실내악,2018 KF 한-태 수교 60주년 기념음악회,2018-04-18,IBK챔버홀
325,음악당,성악,벨라보체와 든솔성악친구들 Opera gala concert,2018-04-19,IBK챔버홀
326,음악당,실내악,봄에 듣는 유쾌한 세레나데,2018-04-20,IBK챔버홀
327,음악당,실내악,제11회 한국플루트협회 정기연주회,2018-04-21,IBK챔버홀
328,음악당,독주,최경은 첼로 독주회,2018-04-21,IBK챔버홀
329,음악당,독주,조성호 클라리넷 리사이틀,2018-04-22,IBK챔버홀
330,음악당,실내악,Spirit of SNU Strings Ⅶ,2018-04-22,IBK챔버홀
331,음악당,성악,제3회 대한민국 성악제 - 예술가곡 이야기,2018-04-24,IBK챔버홀
332,음악당,실내악,2018 문화가 있는 날 SAC 아티스트 라운지(4월),2018-04-25,IBK챔버홀
333,음악당,실내악,콰르텟 21 제50회 정기연주회,2018-04-26,IBK챔버홀
334,음악당,실내악,채희철 어수희 두오 리사이틀,2018-04-27,IBK챔버홀
335,음악당,독주,클래식 기타리스트 타티아나 리즈코바 내한공연,2018-04-28,IBK챔버홀
336,음악당,실내악,제7회 대한민국예술원 음악회,2018-04-28,IBK챔버홀
337,음악당,클래식,"클래식 큐레이터, 라스트 모차르트",2018-04-29,IBK챔버홀
338,음악당,교향곡,박규희 기타 리사이틀,2018-04-29,IBK챔버홀
339,음악당,독주,강효정 바로크 첼로 독주회,2018-05-06,IBK챔버홀
340,음악당,실내악,S-KLAVIER 창단연주회,2018-05-12,IBK챔버홀
341,음악당,실내악,Latin Fantasy,2018-05-17,IBK챔버홀
342,음악당,교향곡,2018서울스프링실내악축제_Serenade : C.B to R. Guyot & O. Doi,2018-05-20,IBK챔버홀
343,음악당,교향곡,2018서울스프링실내악축제_C.B to M. Martin & F. Helmerson,2018-05-26,IBK챔버홀
344,음악당,교향곡,2018서울스프링실내악축제_Carte Blanche to SSF Friends,2018-05-27,IBK챔버홀
345,음악당,실내악,2018 경기실내악축제,2018-05-27,IBK챔버홀
346,음악당,성악,바리톤 공병우 독창회,2018-06-01,IBK챔버홀
347,음악당,실내악,Quartet atis 제10회 정기연주회,2018-06-02,IBK챔버홀
348,음악당,실내악,Honors Trio 제1회 정기연주회,2018-06-02,IBK챔버홀
349,음악당,실내악,제9회 아셀 플루트 앙상블 정기연주회,2018-06-03,IBK챔버홀
350,음악당,실내악,제2회 더 브라스 칸타빌레 정기연주회,2018-06-03,IBK챔버홀
351,음악당,합창,서울 레이디스싱어즈 제29회 정기연주회,2018-06-05,IBK챔버홀
352,음악당,교향곡,팬아시아필하모니아 제6회 정기연주회 -모차르트 시리즈 II,2018-06-06,IBK챔버홀
353,음악당,실내악,코리안 솔로이스츠 정기연주회 (협연: 임지영),2018-06-07,IBK챔버홀
354,음악당,클래식,2018 서울첼로오케스트라와 함께하는 ‘힐링클래식’,2018-06-08,IBK챔버홀
355,음악당,독주,금혜승 피아노 독주회,2018-06-09,IBK챔버홀
356,음악당,클래식,2018 DITTO FEST: 문태국 ＆ 한지호,2018-06-09,IBK챔버홀
357,음악당,클래식,2018 DITTO FEST: 김한,2018-06-10,IBK챔버홀
358,음악당,실내악,위 솔로이스츠 제18회 정기연주회,2018-06-10,IBK챔버홀
359,음악당,실내악,사)한국페스티발앙상블 제 65회 정기연주회,2018-06-12,IBK챔버홀
360,음악당,교향곡,코리아솔로이츠 오케스트라 초청 이안 홉슨 특별연주회,2018-06-13,IBK챔버홀
361,음악당,독주,이승희 바이올린 독주회,2018-06-14,IBK챔버홀
362,음악당,실내악,NVH코리아와 함께 하는 제11회 프렌즈오브뮤직 음악회,2018-06-15,IBK챔버홀
363,음악당,실내악,제11회 현대음악앙상블 트와씨 정기연주회,2018-06-16,IBK챔버홀
364,음악당,합창,월드비전 합창단과 함께 떠나는 클래식 여행,2018-06-16,IBK챔버홀
365,음악당,실내악,블래져 목관 앙상블 제2회 정기연주회,2018-06-17,IBK챔버홀
366,음악당,독주,민유경 바이올린 리사이틀,2018-06-17,IBK챔버홀
367,음악당,실내악,2018 그랜드 피아노 콘서트,2018-06-19,IBK챔버홀
368,음악당,성악,제3회 누뚜 정기연주회,2018-06-20,IBK챔버홀
369,음악당,독주,송지원 바이올린 독주회,2018-06-21,IBK챔버홀
370,음악당,실내악,서울 플루트 솔로이스츠 제8회 정기연주회,2018-06-22,IBK챔버홀
371,음악당,실내악,제10회 저스트 비바체 페스티벌 콘서트,2018-06-23,IBK챔버홀
372,음악당,클래식,올림푸스와 함께하는“올림# 콘서트”,2018-06-23,IBK챔버홀
373,음악당,실내악,가일 플레이어즈 정기연주회,2018-06-24,IBK챔버홀
374,음악당,실내악,모리스콰르텟 제21회 정기연주회,2018-06-24,IBK챔버홀
375,음악당,실내악,"To Know, To Love 2018",2018-06-26,IBK챔버홀
376,음악당,클래식,2018 문화가 있는 날 SAC 아티스트 라운지(6월),2018-06-27,IBK챔버홀
377,음악당,실내악,더 뉴 바로크 컴퍼니 프로젝트 #5,2018-06-28,IBK챔버홀
378,음악당,실내악,서울아카데미앙상블 제86회 정기연주회,2018-06-29,IBK챔버홀
379,음악당,교향곡,문지웅 튜바 독주회,2018-06-30,IBK챔버홀
380,음악당,실내악,앙상블 우리 제8회 정기연주회,2018-06-30,IBK챔버홀
381,음악당,실내악,앙상블 에스쁘아 제5회 정기연주회,2018-07-01,IBK챔버홀
382,음악당,독주,신지연 피아노 독주회,2018-07-01,IBK챔버홀
383,음악당,성악,제 17회 국립오페라단 성악콩쿠르 본선,2018-07-03,IBK챔버홀
384,음악당,독주,이유현 피아노 리사이틀 ‘SCHUMANN’,2018-07-04,IBK챔버홀
385,음악당,독주,심준호 귀국 첼로 독주회,2018-07-05,IBK챔버홀
386,음악당,실내악,The Winds '한 여름밤의 살롱 콘서트',2018-07-06,IBK챔버홀
387,음악당,클래식,2018 예술의전당 문화햇살콘서트 - 음악이 길이 되는 콘서트,2018-07-07,IBK챔버홀
388,음악당,실내악,"김다미, 문지영 듀오 리사이틀",2018-07-07,IBK챔버홀
389,음악당,실내악,첼리스타 첼로앙상블 여름 음악회,2018-07-08,IBK챔버홀
390,음악당,실내악,한국플루트학회 제6회 정기연주회,2018-07-08,IBK챔버홀
391,음악당,교향곡,장애 비장애 통합 다원예술 콘서트,2018-07-10,IBK챔버홀
392,음악당,교향곡,2018 코리안심포니오케스트라 실내악 시리즈 Ⅱ,2018-07-11,IBK챔버홀
393,음악당,실내악,2018 클래식 스타 시리즈 - 테너 정호윤 & 소프라노 이명주,2018-07-12,IBK챔버홀
394,음악당,실내악,선화 PIANO 소사이어티 정기연주회,2018-07-13,IBK챔버홀
395,음악당,실내악,아즈앙상블 정기 연주회,2018-07-14,IBK챔버홀
396,음악당,클래식,헬로우샘오케스트라 기획콘서트,2018-07-14,IBK챔버홀
397,음악당,실내악,앙상블 4PM 제2회 정기연주회,2018-07-15,IBK챔버홀
398,음악당,성악,소프라노 양지영 리사이틀,2018-07-15,IBK챔버홀
399,음악당,실내악,앙상블 유니송 초청 연주회,2018-07-17,IBK챔버홀
400,음악당,실내악,2018 문화가 있는 날 SAC 아티스트 라운지(7월),2018-07-18,IBK챔버홀
401,음악당,실내악,서울챔버오케스트라 제92회 정기연주회,2018-07-19,IBK챔버홀
402,음악당,교향곡,한국문화예술위원회 공연예술창작산실 오작교 프로젝트,2018-07-20,IBK챔버홀
403,음악당,실내악,제6회 나메(N.A.M.E.) 앙상블 정기연주회,2018-07-21,IBK챔버홀
404,음악당,실내악,김유빈 플루트 리사이틀,2018-07-21,IBK챔버홀
405,음악당,독주,이신규 비올라 독주회,2018-07-22,IBK챔버홀
406,음악당,실내악,서울 나눔 클라리넷 앙상블 창단 10주년 기념음악회,2018-07-22,IBK챔버홀
407,음악당,실내악,현대음악앙상블 소리 2018 기획연주회,2018-08-07,IBK챔버홀
408,음악당,클래식,곤지암 우드윈드 페스티벌 2018,2018-08-08,IBK챔버홀
409,음악당,성악,한국을 빛내는 목소리,2018-08-09,IBK챔버홀
410,음악당,클래식,코리아목관앙상블 2018 정기연주회_영상과 해설이 있는 여름 음악여행 시리즈,2018-08-11,IBK챔버홀
411,음악당,실내악,수다 플루트 플러스,2018-08-11,IBK챔버홀
412,음악당,클래식,2018 이럴때 이런음악 15주년 기념 해설이 있는 청소년을 위한 음악회,2018-08-12,IBK챔버홀
413,음악당,실내악,"베이스 바리톤 김종국, 첼리스트 장은령의 부부싸움콘서트 투게더 II",2018-08-12,IBK챔버홀
414,음악당,실내악,스누아첼로앙상블 정기연주회 IV,2018-08-14,IBK챔버홀
415,음악당,클래식,2018 이럴때 이런음악 15주년기념 해설이 있는 청소년을 위한 음악회,2018-08-15,IBK챔버홀
416,음악당,실내악,오케스트라 앙상블 서울 OES의 베토벤 시리즈 I (2018-2020),2018-08-16,IBK챔버홀
417,음악당,실내악,에스 솔로이스츠 제3회 정기연주회,2018-08-17,IBK챔버홀
418,음악당,,매직피아노 앤 쇼팽쇼츠,2018-08-18,IBK챔버홀
419,음악당,독주,조성현 플루트 리사이틀,2018-08-18,IBK챔버홀
420,음악당,실내악,카메라타 안티콰 서울이 전하는 바로크 음악 이야기 ⅩⅣ,2018-08-19,IBK챔버홀
421,음악당,실내악,비르투오조 하피스트 엠마누엘 세송,2018-08-21,IBK챔버홀
422,음악당,실내악,토너스 트리오 고전과 낭만 사이 I,2018-08-23,IBK챔버홀
423,음악당,성악,메조 소프라노 김선정 독창회,2018-08-24,IBK챔버홀
424,음악당,성악,소프라노 이현민과 함께하는 음악극 시리즈 I - Menotti,2018-08-25,IBK챔버홀
425,음악당,클래식,발트 앙상블 아티스트 시리즈 2,2018-08-25,IBK챔버홀
426,음악당,실내악,앙상블 홀츠 제7회 정기연주회,2018-08-26,IBK챔버홀
427,음악당,실내악,KCO 트로이카콘서트 시리즈 20,2018-08-28,IBK챔버홀
428,음악당,실내악,2018 문화가 있는 날 SAC 아티스트 라운지(8월),2018-08-29,IBK챔버홀
429,음악당,실내악,알테무지크서울 제16회 정기연주회_비발디의 사계 우리의 사계,2018-08-30,IBK챔버홀
430,음악당,실내악,유터피 목관오중주단 제13회 정기연주회,2018-08-31,IBK챔버홀
431,음악당,실내악,최용기 클라리넷 독주회,2018-09-01,IBK챔버홀
432,음악당,독주,테너 이영화 독창회,2018-09-01,IBK챔버홀
433,음악당,실내악,서울시향 2018 실내악 시리즈 V,2018-09-02,IBK챔버홀
434,음악당,실내악,KCO 스트링 콰르텟 제17회 정기연주회,2018-09-02,IBK챔버홀
435,음악당,성악,소프라노 박경신 독창회 H.Wolf&G.Mahler 가곡의 밤,2018-09-04,IBK챔버홀
436,음악당,클래식,피아노듀오 베리오자 귀국 리사이틀,2018-09-05,IBK챔버홀
437,음악당,실내악,배장흠과 친구들 콘서트,2018-09-06,IBK챔버홀
438,음악당,성악,베이스 손혜수 리사이틀,2018-09-07,IBK챔버홀
439,음악당,교향곡,2018 문화햇살콘서트 - 음악이 나눔이 되는 콘서트,2018-09-08,IBK챔버홀
440,음악당,실내악,독일 만하임 챔버오케스트라 내한공연,2018-09-08,IBK챔버홀
441,음악당,실내악,비루투오조 트롬본 앙상블 제9회 정기연주회,2018-09-09,IBK챔버홀
442,음악당,독주,Piotr Kupka 피아노 독주회,2018-09-09,IBK챔버홀
443,음악당,실내악,첼리스트 주연선 리사이틀,2018-09-11,IBK챔버홀
444,음악당,실내악,라 메르 에 릴(바다와섬) 제13회 정기연주회,2018-09-12,IBK챔버홀
445,음악당,클래식,90인의 피아니스트와 함께하는 정진우 교수 90회 생신 기념 음악회,2018-09-13,IBK챔버홀
446,음악당,실내악,제3회 더 스트링스 정기연주회,2018-09-14,IBK챔버홀
447,음악당,실내악,숙명트리오 창단 20주년 기념음악회,2018-09-15,IBK챔버홀
448,음악당,실내악,예일 앙상블 플레이어스 콘서트,2018-09-16,IBK챔버홀
449,음악당,독주,피아니스트 이윤수의 슈만 전곡 시리즈 II Symphony,2018-09-16,IBK챔버홀
450,음악당,실내악,그리움 앙상블 ‘G.rium(그리움)을 담다’,2018-09-18,IBK챔버홀
451,음악당,실내악,2018 문화가 있는 날 SAC 아티스트 라운지(9월),2018-09-19,IBK챔버홀
452,음악당,합창,바흐솔리스텐서울 바흐칸타타시리즈 VIII,2018-09-20,IBK챔버홀
453,음악당,성악,테너 김홍태와 바리톤 홍성진의 함께하는 음악여정,2018-09-21,IBK챔버홀
454,음악당,독주,박기범 트럼펫 독주회,2018-09-27,IBK챔버홀
455,음악당,성악,소프라노 정기옥 독창회,2018-09-28,IBK챔버홀
456,음악당,실내악,건우회 제6회 정기연주회,2018-09-29,IBK챔버홀
457,음악당,실내악,서울챔버앙상블 제67회 정기연주회,2018-09-29,IBK챔버홀
458,음악당,실내악,조인선 작곡 발표회,2018-09-30,IBK챔버홀
459,음악당,실내악,베네플루티 앙상블 제8회 정기연주회,2018-10-02,IBK챔버홀
460,음악당,독주,데이비드 러셀 기타 리사이틀,2018-10-03,IBK챔버홀
461,음악당,독주,정준수 바이올린 독주회,2018-10-04,IBK챔버홀
462,음악당,실내악,트리오 콘 스피리토 결성 10주년 기념 연주회,2018-10-05,IBK챔버홀
463,음악당,실내악,지음클라리넷앙상블 제 16회 정기연주회,2018-10-06,IBK챔버홀
464,음악당,독주,피아니스트 문정재의 Sound Track,2018-10-06,IBK챔버홀
465,음악당,실내악,조영방 교수 퇴임음악회,2018-10-07,IBK챔버홀
466,음악당,합창,코리아싱어즈 창단 20주년 기념음악회,2018-10-07,IBK챔버홀
467,음악당,실내악,서울아르스플루트앙상블 제3회 정기연주회,2018-10-09,IBK챔버홀
468,음악당,실내악,앙상블 에클라 2018 정기연주회,2018-10-10,IBK챔버홀
469,음악당,독주,The Pianists Series 1 바네사 모젤 리사이틀,2018-10-11,IBK챔버홀
470,음악당,실내악,모리스콰르텟 제22회 정기연주회,2018-10-12,IBK챔버홀
471,음악당,교향곡,서울챔버오케스트라 제93회 정기연주회,2018-10-13,IBK챔버홀
472,음악당,합창,홀트장애인합창단'영혼의 소리로' 2018 정기공연,2018-10-14,IBK챔버홀
473,음악당,실내악,5인 초청 비르투오조 콘서트,2018-10-14,IBK챔버홀
474,음악당,성악,제3회 대한민국 성악제 - 한국가곡 이야기,2018-10-16,IBK챔버홀
475,음악당,독주,오신정 플루트 독주회,2018-10-17,IBK챔버홀
476,음악당,실내악,4대의 오르간으로 만나는 “명작”,2018-10-18,IBK챔버홀
477,음악당,실내악,서울시향 2018 아르스 노바 III: 실내악 콘서트,2018-10-19,IBK챔버홀
478,음악당,클래식,주한독일문화원 개관 50주년 페스티벌,2018-10-20,IBK챔버홀
479,음악당,클래식,주한독일문화원 개관 50주년 페스티벌,2018-10-21,IBK챔버홀
480,음악당,실내악,주한독일문화원 개관 50주년 페스티벌,2018-10-21,IBK챔버홀
481,음악당,실내악,2018 클래식 스타 시리즈 - 칼라치 스트링 콰르텟,2018-10-23,IBK챔버홀
482,음악당,교향곡,운지회 체임버 오케스트라 시리즈 XIII,2018-10-24,IBK챔버홀
483,음악당,독주,김민지 첼로 독주회,2018-10-25,IBK챔버홀
484,음악당,실내악,제8회 예무스 정기연주회,2018-10-26,IBK챔버홀
485,음악당,실내악,서울페스티발앙상블 제4회 정기연주회,2018-10-27,IBK챔버홀
486,음악당,실내악,이무지치와 한경필하모닉,2018-10-27,IBK챔버홀
487,음악당,,아코디언 가을판타지아,2018-10-28,IBK챔버홀
488,음악당,실내악,제157회 서울신포니에타 정기연주회,2018-10-28,IBK챔버홀
489,음악당,실내악,앙상블 ‘공간’ 프로젝트 아홉 번째 이야기,2018-10-30,IBK챔버홀
490,음악당,실내악,2018 문화가 있는 날 SAC 아티스트 라운지(10월),2018-10-31,IBK챔버홀
491,음악당,교향곡,엘뮤직그룹 창작음악시리즈 THE CREATION,2018-11-10,IBK챔버홀
492,음악당,실내악,"훔멜, 잊혀진 로코코의 마지막 환희",2018-11-11,IBK챔버홀
493,음악당,독주,김소진 바이올린 리사이틀,2018-11-18,IBK챔버홀
494,음악당,실내악,원전악기로 듣는 바흐 가문의 재조명,2018-11-22,IBK챔버홀
495,음악당,클래식,쇼팽 VS 리스트,2018-11-25,IBK챔버홀
496,음악당,합창,제42회 서울대OB합창단 정기연주회,2018-12-01,IBK챔버홀
497,음악당,클래식,바이올린 가이즈 WITH 고상지,2018-12-01,IBK챔버홀
498,음악당,클래식,하트 투 하트 콘서트,2018-12-02,IBK챔버홀
499,음악당,실내악,피바디 스트링스 제4회 정기연주회,2018-12-02,IBK챔버홀
500,음악당,독주,The Pianists Series 3 안나 페도로바 리사이틀,2018-12-04,IBK챔버홀
501,음악당,클래식,코리안 솔로이스츠 정기연주회,2018-12-05,IBK챔버홀
502,음악당,독주,김희재 피아노 독주회,2018-12-06,IBK챔버홀
503,음악당,실내악,콰르텟 솔 정기연주회,2018-12-07,IBK챔버홀
504,음악당,실내악,네오 색소폰 콰르텟 제6회 정기연주회,2018-12-08,IBK챔버홀
505,음악당,실내악,챔버 뮤직 투데이 2018,2018-12-09,IBK챔버홀
506,음악당,독주,최정은 첼로 독주회,2018-12-09,IBK챔버홀
507,음악당,실내악,앙리 마티스의 음악적 영감,2018-12-12,IBK챔버홀
508,음악당,실내악,2018 클래식 스타 시리즈 - 바이올린 임지영 & 피아노 문지영,2018-12-13,IBK챔버홀
509,음악당,실내악,트리오 콘 브리오 코펜하겐 12월의 프로포즈,2018-12-14,IBK챔버홀
510,음악당,실내악,플루티 앙상블 제13회 정기연주회,2018-12-15,IBK챔버홀
511,음악당,실내악,NVH코리아와 함께 하는 제14회 프렌즈오브뮤직 음악회,2018-12-15,IBK챔버홀
512,음악당,실내악,아오이데 트리오 연주회,2018-12-16,IBK챔버홀
513,음악당,실내악,올 댓 클래즈 - 메리 크리스마스,2018-12-16,IBK챔버홀
514,음악당,실내악,카로스 타악기 앙상블 정기연주회,2018-12-18,IBK챔버홀
515,음악당,클래식,주희성 & 노예진 피아노 듀오 콘서트,2018-12-19,IBK챔버홀
516,음악당,실내악,한국현악협회 합주단 제4회 정기연주회,2018-12-20,IBK챔버홀
517,음악당,실내악,서울 아카데미 앙상블 제87회 정기연주회,2018-12-21,IBK챔버홀
518,음악당,실내악,KCO 바이올린 콰르텟 창단연주회,2018-12-22,IBK챔버홀
519,음악당,실내악,하피스트 곽정의 크리스마스 콘서트,2018-12-22,IBK챔버홀
520,음악당,클래식,크리스마스 지브리 탱고,2018-12-23,IBK챔버홀
521,음악당,클래식,크리스마스 지브리 탱고,2018-12-23,IBK챔버홀
522,음악당,이벤트콘서트,제 18회 론 브랜튼의 <재즈 크리스마스!>,2018-12-25,IBK챔버홀
523,음악당,실내악,2018 문화가 있는 날 SAC 아티스트 라운지(12월),2018-12-26,IBK챔버홀
524,음악당,실내악,서울 이무지치 챔버 앙상블 정기연주회,2018-12-27,IBK챔버홀
525,음악당,독주,이은준 플루트 독주회,2018-12-28,IBK챔버홀
526,음악당,실내악,서울솔리스트 첼로앙상블 제24회 정기연주회,2018-12-29,IBK챔버홀
527,음악당,실내악,바로크 오케스트라 <바로크in모던> 송년음악회,2018-12-30,IBK챔버홀
528,음악당,실내악,2018 PLUS Chamber Group 송년음악회,2018-12-30,IBK챔버홀
529,음악당,독주,이민정 피아노 리사이틀,2018-01-02,리사이틀홀
530,음악당,독주,강희윤 귀국 첼로 독주회,2018-01-03,리사이틀홀
531,음악당,독주,이주은 피아노 독주회,2018-01-04,리사이틀홀
532,음악당,성악,소프라노 윤예지 귀국 독창회,2018-01-05,리사이틀홀
533,음악당,독주,강호선 바이올린 독주회,2018-01-06,리사이틀홀
534,음악당,클래식,이지은초청피아노독주회 FRANZISKA LEE Piano Recital,2018-01-06,리사이틀홀
535,음악당,독주,김영신 피아노 독주회,2018-01-07,리사이틀홀
536,음악당,독주,변현조 클라리넷 독주회,2018-01-07,리사이틀홀
537,음악당,독주,유미향 귀국 피아노 독주회,2018-01-09,리사이틀홀
538,음악당,독주,이정란 첼로 리사이틀,2018-01-10,리사이틀홀
539,음악당,클래식,2018 음악춘추 우수신인데뷔연주회,2018-01-11,리사이틀홀
540,음악당,독주,홍수연 클라리넷 독주회,2018-01-25,리사이틀홀
541,음악당,독주,조윤경 피아노 독주회,2018-01-26,리사이틀홀
542,음악당,독주,조주현 피아노 독주회,2018-01-27,리사이틀홀
543,음악당,독주,윤정은 귀국 피아노 독주회,2018-01-27,리사이틀홀
544,음악당,독주,김태경 플루트 독주회,2018-01-28,리사이틀홀
545,음악당,독주,윤은경 귀국 피아노 독주회,2018-01-28,리사이틀홀
546,음악당,독주,김소연 귀국 플루트 독주회,2018-01-30,리사이틀홀
547,음악당,독주,이양경 피아노 독주회,2018-01-31,리사이틀홀
548,음악당,독주,박재린 바이올린 독주회,2018-02-01,리사이틀홀
549,음악당,독주,이지행 귀국 첼로 독주회,2018-02-02,리사이틀홀
550,음악당,독주,김예슬 귀국 피아노 독주회,2018-02-03,리사이틀홀
551,음악당,독주,임재성 첼로 독주회,2018-02-03,리사이틀홀
552,음악당,독주,차민정 비올라 독주회,2018-02-04,리사이틀홀
553,음악당,독주,박상현 귀국 콘트라베이스 독주회,2018-02-04,리사이틀홀
554,음악당,독주,나재령 플루트 독주회,2018-02-06,리사이틀홀
555,음악당,독주,김진희 귀국 피아노 독주회,2018-02-07,리사이틀홀
556,음악당,독주,안신영 바이올린 독주회,2018-02-08,리사이틀홀
557,음악당,독주,유효정 첼로 귀국 독주회,2018-02-09,리사이틀홀
558,음악당,독주,김연정 바이올린 독주회,2018-02-10,리사이틀홀
559,음악당,독주,문수형 바이올린 독주회,2018-02-11,리사이틀홀
560,음악당,독주,예진초청 Karl-Heinz Schutz 플루트 독주회,2018-02-11,리사이틀홀
561,음악당,독주,박준태 귀국 바순 독주회,2018-02-13,리사이틀홀
562,음악당,독주,장하얀 첼로 독주회,2018-02-20,리사이틀홀
563,음악당,독주,최정주 첼로 독주회,2018-02-21,리사이틀홀
564,음악당,독주,박지선 바이올린 독주회,2018-02-22,리사이틀홀
565,음악당,독주,Mystery Baroque : 하프시코드 미지의세계를그리다 - 이은지 하프시코드 독주회,2018-02-23,리사이틀홀
566,음악당,독주,김영미 플루트 독주회,2018-02-24,리사이틀홀
567,음악당,독주,우영욱 플루트 독주회,2018-02-24,리사이틀홀
568,음악당,독주,Beethoven 32 Piano Sonatas + α Series 5,2018-02-25,리사이틀홀
569,음악당,독주,김예현 오보에 독주회,2018-02-27,리사이틀홀
570,음악당,독주,황소진 첼로 독주회,2018-02-28,리사이틀홀
571,음악당,독주,홍성은 첼로 독주회,2018-03-01,리사이틀홀
572,음악당,독주,김지은 귀국 튜바 독주회,2018-03-02,리사이틀홀
573,음악당,독주,박수정 귀국 피아노 독주회,2018-03-03,리사이틀홀
574,음악당,독주,곽나영 오보에 독주회,2018-03-03,리사이틀홀
575,음악당,독주,오현진 귀국 바이올린 독주회,2018-03-04,리사이틀홀
576,음악당,독주,김민조 클라리넷 독주회,2018-03-04,리사이틀홀
577,음악당,독주,이준성 피아노 독주회,2018-03-06,리사이틀홀
578,음악당,실내악,2018 대한민국실내악작곡제전 I,2018-03-07,리사이틀홀
579,음악당,독주,이동일 첼로 독주회,2018-03-08,리사이틀홀
580,음악당,독주,백희진 첼로 독주회,2018-03-09,리사이틀홀
581,음악당,독주,황대진 비올라 독주회,2018-03-10,리사이틀홀
582,음악당,독주,이영은 귀국 첼로 독주회,2018-03-10,리사이틀홀
583,음악당,독주,박미희 바이올린 독주회,2018-03-11,리사이틀홀
584,음악당,독주,김홍준 바이올린 독주회,2018-03-11,리사이틀홀
585,음악당,클래식,LG와 함께하는 제14회 서울국제음악콩쿠르(1차예선),2018-03-14,리사이틀홀
586,음악당,클래식,LG와 함께하는 제14회 서울국제음악콩쿠르(1차예선),2018-03-15,리사이틀홀
587,음악당,교향곡,LG와 함께하는 제14회 서울국제음악콩쿠르(1차예선),2018-03-16,리사이틀홀
588,음악당,교향곡,LG와 함께하는 제14회 서울국제음악콩쿠르(1차예선),2018-03-17,리사이틀홀
589,음악당,독주,안수현 귀국 콘트라베이스 독주회,2018-03-18,리사이틀홀
590,음악당,독주,안명주 플루트 독주회,2018-03-18,리사이틀홀
591,음악당,클래식,LG와 함께하는 제14회 서울국제음악콩쿠르(2차예선),2018-03-19,리사이틀홀
592,음악당,교향곡,LG와 함께하는 제14회 서울국제음악콩쿠르(2차예선),2018-03-20,리사이틀홀
593,음악당,교향곡,LG와 함께하는 제14회 서울국제음악콩쿠르(준결선),2018-03-21,리사이틀홀
594,음악당,클래식,LG와 함께하는 제14회 서울국제음악콩쿠르(준결선),2018-03-22,리사이틀홀
595,음악당,독주,한동연 첼로 독주회,2018-03-24,리사이틀홀
596,음악당,독주,제4회 코리아 하프 페스티벌 개막공연,2018-03-24,리사이틀홀
597,음악당,독주,김경민 바이올린 독주회ㅣ음악의 숲을 거닐다 -Prokofiev about Prokofiev,2018-03-25,리사이틀홀
598,음악당,실내악,사)한국페스티발앙상블 28회 현대음악축제,2018-03-27,리사이틀홀
599,음악당,클래식,한국피아노두오협회 제 61회 정기연주회,2018-03-28,리사이틀홀
600,음악당,실내악,코리아나 챔버 뮤직 소사이어티 제68회 정기연주회,2018-03-30,리사이틀홀
601,음악당,독주,조지현의 Beethoven Cycle 5회,2018-03-31,리사이틀홀
602,음악당,독주,윤여영 바이올린 독주회,2018-03-31,리사이틀홀
603,음악당,독주,고광설 클라리넷 리사이틀,2018-04-01,리사이틀홀
604,음악당,독주,황소원 피아노 독주회,2018-04-01,리사이틀홀
605,음악당,독주,이기정 피아노 독주회,2018-04-03,리사이틀홀
606,음악당,실내악,제3회 성신 피아노 소사이어티 정기연주회,2018-04-04,리사이틀홀
607,음악당,독주,안지윤 바이올린 독주회,2018-04-05,리사이틀홀
608,음악당,독주,윤혜원 피아노 독주회,2018-04-06,리사이틀홀
609,음악당,독주,박소연 피아노 독주회,2018-04-07,리사이틀홀
610,음악당,독주,피아니스트 박미정 초청 독주회,2018-04-07,리사이틀홀
611,음악당,독주,박현 바이올린 독주회,2018-04-08,리사이틀홀
612,음악당,독주,홍안기 첼로 독주회,2018-04-08,리사이틀홀
613,음악당,독주,한형실 피아노 독주회,2018-04-10,리사이틀홀
614,음악당,독주,박예은 귀국 플루트 독주회,2018-04-11,리사이틀홀
615,음악당,독주,강드보라 바이올린 독주회,2018-04-12,리사이틀홀
616,음악당,독주,김지은 바이올린 독주회,2018-04-13,리사이틀홀
617,음악당,실내악,제5회 파블로 앤 파블로 피아노트리오 정기연주회,2018-04-14,리사이틀홀
618,음악당,독주,조재복 귀국 더블베이스 독주회,2018-04-14,리사이틀홀
619,음악당,독주,김이정 바이올린 독주회,2018-04-15,리사이틀홀
620,음악당,독주,유신혜 귀국 바이올린 독주회,2018-04-15,리사이틀홀
621,음악당,실내악,여음목관5중주 제30회 정기연주회,2018-04-17,리사이틀홀
622,음악당,성악,한국독일가곡연구회 163회 정기연주회,2018-04-18,리사이틀홀
623,음악당,실내악,(사)한국여성작곡가회 제66회 봄 정기 발표회,2018-04-19,리사이틀홀
624,음악당,독주,선우지현 클라리넷 독주회,2018-04-20,리사이틀홀
625,음악당,독주,전수진 피아노 독주회,2018-04-21,리사이틀홀
626,음악당,독주,김정아 바이올린 독주회,2018-04-21,리사이틀홀
627,음악당,독주,에르완 리샤 비올라 독주회,2018-04-22,리사이틀홀
628,음악당,독주,유혜영 피아노 독주회,2018-04-22,리사이틀홀
629,음악당,실내악,앙상블 뉴화인아트 제6회 정기연주회,2018-04-24,리사이틀홀
630,음악당,실내악,2018 ACL-Korea 국제음악제 I,2018-04-25,리사이틀홀
631,음악당,실내악,"신미정, 김수연, 정선이 트리오 연주회",2018-04-26,리사이틀홀
632,음악당,실내악,제25회 빈트리오 정기연주회,2018-04-27,리사이틀홀
633,음악당,독주,유성민 바이올린 독주회,2018-04-28,리사이틀홀
634,음악당,독주,문지원 귀국 바이올린 독주회,2018-04-28,리사이틀홀
635,음악당,독주,박선경 비올라 독주회,2018-04-29,리사이틀홀
636,음악당,실내악,2018 ACL-Korea 국제음악제 III,2018-04-29,리사이틀홀
637,음악당,독주,이상경 첼로 독주회,2018-05-23,리사이틀홀
638,음악당,독주,김상원 피아노 독주회,2018-06-01,리사이틀홀
639,음악당,실내악,21세기악회 제49주년 기념작품발표회 II,2018-06-02,리사이틀홀
640,음악당,독주,송영민 피아노 독주회,2018-06-02,리사이틀홀
641,음악당,독주,국성화 플루트 독주회,2018-06-03,리사이틀홀
642,음악당,실내악,제11회 금파 플루트 앙상블 정기연주회,2018-06-03,리사이틀홀
643,음악당,실내악,제5회 서울 플루티스트 앙상블 The K 정기연주회,2018-06-05,리사이틀홀
644,음악당,독주,윤소임 바이올린 독주회,2018-06-06,리사이틀홀
645,음악당,독주,이호정 피아노 독주회,2018-06-07,리사이틀홀
646,음악당,실내악,서울 코뮤니타스 앙상블 제2회 정기연주회,2018-06-08,리사이틀홀
647,음악당,독주,전유미 귀국 콘트라베이스 독주회,2018-06-09,리사이틀홀
648,음악당,클래식,홍혜도 피아노독주회 - Bach& Schubert,2018-06-09,리사이틀홀
649,음악당,독주,이윤의바이올린독주회,2018-06-10,리사이틀홀
650,음악당,독주,임성윤 바이올린 독주회,2018-06-10,리사이틀홀
651,음악당,실내악,현재희 교수와 함께하는 세현회의 음악여행,2018-06-12,리사이틀홀
652,음악당,독주,임리라 피아노 독주회,2018-06-13,리사이틀홀
653,음악당,독주,김유미 바이올린 독주회,2018-06-14,리사이틀홀
654,음악당,클래식,한국피아노두오협회 제 62회 정기연주회,2018-06-15,리사이틀홀
655,음악당,독주,윤여민 색소폰 독주회,2018-06-16,리사이틀홀
656,음악당,독주,이윤정 오보에 독주회,2018-06-17,리사이틀홀
657,음악당,독주,임남희:베토벤 피아노 소나타 전곡 연주회 V,2018-06-17,리사이틀홀
658,음악당,독주,임홍균 바이올린 독주회,2018-06-19,리사이틀홀
659,음악당,교향곡,2018 대한민국 실내악 작곡제전 III,2018-06-20,리사이틀홀
660,음악당,실내악,정지강 윤형숙 피아노 두오 연주회,2018-06-21,리사이틀홀
661,음악당,독주,강혜영 피아노 독주회,2018-06-22,리사이틀홀
662,음악당,성악,소프라노 고미현 교수 제26회 독창회,2018-06-23,리사이틀홀
663,음악당,독주,이인 플루트 독주회,2018-06-24,리사이틀홀
664,음악당,실내악,이니스 앙상블 10주년 기념음악회,2018-06-24,리사이틀홀
665,음악당,독주,정정호 바이올린 독주회 <파가니니의 속삭임>,2018-06-26,리사이틀홀
666,음악당,실내악,2018 PAN 목관 5중주 정기연주회,2018-06-27,리사이틀홀
667,음악당,독주,박성열 피아노 독주회,2018-06-29,리사이틀홀
668,음악당,실내악,이소란 김진욱 듀오콘서트,2018-06-30,리사이틀홀
669,음악당,실내악,앙상블 포럼21 아홉번째 정기연주회,2018-06-30,리사이틀홀
670,음악당,독주,김태영 색소폰 독주회,2018-07-01,리사이틀홀
671,음악당,독주,김우진 첼로 독주회,2018-07-01,리사이틀홀
672,음악당,독주,조지현의 Beethoven Cycle 6회,2018-07-03,리사이틀홀
673,음악당,독주,임지희 바이올린 독주회,2018-07-04,리사이틀홀
674,음악당,독주,정진희 바이올린 독주회,2018-07-05,리사이틀홀
675,음악당,독주,나채원 플루트 독주회,2018-07-06,리사이틀홀
676,음악당,독주,이지현의 바순시리즈 3,2018-07-07,리사이틀홀
677,음악당,독주,이재완 피아노 독주회,2018-07-07,리사이틀홀
678,음악당,독주,박고운 첼로 독주회,2018-07-08,리사이틀홀
679,음악당,독주,권혜진 귀국 플루트 독주회,2018-07-08,리사이틀홀
680,음악당,독주,차태현 트럼본 독주회,2018-07-10,리사이틀홀
681,음악당,독주,주동우 귀국 클라리넷 독주회,2018-07-11,리사이틀홀
682,음악당,독주,강윤지 비올라 독주회,2018-07-12,리사이틀홀
683,음악당,독주,김선옥 피아노 독주회-음악이 흐르는 피아노 VI,2018-07-13,리사이틀홀
684,음악당,독주,정담온 클라리넷 독주회,2018-07-14,리사이틀홀
685,음악당,독주,서지원 플루트 독주회,2018-07-14,리사이틀홀
686,음악당,클래식,한옥미 작곡 발표회,2018-07-15,리사이틀홀
687,음악당,실내악,제3회 누클레오 앙상블 정기연주회,2018-07-15,리사이틀홀
688,음악당,독주,황지인 피아노 독주회,2018-07-17,리사이틀홀
689,음악당,독주,2018 조동현 클라리넷 독주회,2018-07-18,리사이틀홀
690,음악당,독주,손은정 피아노 독주회,2018-07-19,리사이틀홀
691,음악당,독주,이현주 플루트 독주회,2018-07-20,리사이틀홀
692,음악당,독주,최한결 귀국 피아노 독주회,2018-07-21,리사이틀홀
693,음악당,독주,장우리 첼로 독주회,2018-07-21,리사이틀홀
694,음악당,독주,김수지 오보에 독주회,2018-07-22,리사이틀홀
695,음악당,독주,이지현 피아노 독주회,2018-07-22,리사이틀홀
696,음악당,독주,박해미 귀국 플루트 독주회,2018-08-07,리사이틀홀
697,음악당,독주,조혜정 피아노 독주회,2018-08-08,리사이틀홀
698,음악당,실내악,권수미 유지수 피아노 두오 리사이틀,2018-08-09,리사이틀홀
699,음악당,독주,최아름 귀국 오보에 독주회,2018-08-10,리사이틀홀
700,음악당,실내악,해설이 있는 청소년 음악회 감탄사 시리즈 4,2018-08-11,리사이틀홀
701,음악당,독주,김진호 색소폰 독주회,2018-08-11,리사이틀홀
702,음악당,실내악,해설이 있는 청소년 음악회 감탄사 시리즈 5,2018-08-12,리사이틀홀
703,음악당,독주,변진 튜바 귀국 독주회,2018-08-12,리사이틀홀
704,음악당,독주,박동석 귀국 바이올린 독주회,2018-08-14,리사이틀홀
705,음악당,실내악,서울클라리넷 앙상블과 함께하는 청소년음악회,2018-08-15,리사이틀홀
706,음악당,독주,장진선 귀국 바이올린 독주회,2018-08-16,리사이틀홀
707,음악당,실내악,김지현 작곡발표회 - 점이 움직이는 자리,2018-08-17,리사이틀홀
708,음악당,실내악,바이올리니스트 변예진＆박경화 듀오 리사이틀,2018-08-18,리사이틀홀
709,음악당,독주,윤보라 귀국 클라리넷 독주회,2018-08-18,리사이틀홀
710,음악당,독주,김수현 피아노 독주회,2018-08-19,리사이틀홀
711,음악당,실내악,오병철 플루트 독주회,2018-08-19,리사이틀홀
712,음악당,독주,김지원 바이올린 독주회,2018-08-21,리사이틀홀
713,음악당,독주,한지희 귀국 비올라 독주회,2018-08-22,리사이틀홀
714,음악당,클래식,국제교류초청 프리즘 앙상블 제1회 정기연주회 하나되어,2018-08-23,리사이틀홀
715,음악당,독주,신미정 피아노 독주회,2018-08-24,리사이틀홀
716,음악당,실내악,SU Camerata 정기연주회,2018-08-25,리사이틀홀
717,음악당,독주,김상애 플루트 독주회,2018-08-25,리사이틀홀
718,음악당,독주,박혜진 바이올린 독주회,2018-08-26,리사이틀홀
719,음악당,독주,정민경 피아노 독주회 Variations,2018-08-26,리사이틀홀
720,음악당,실내악,로랑까바소 ＆ 이교은 듀오 콘서트,2018-08-28,리사이틀홀
721,음악당,독주,이수민 비올라 독주회,2018-08-29,리사이틀홀
722,음악당,실내악,제3회 클라쎄아트 정기연주회,2018-08-30,리사이틀홀
723,음악당,독주,브람스를 좋아하세요... 비올리스트 임요섭 독주회,2018-08-31,리사이틀홀
724,음악당,독주,베토벤 바이올린 소나타 전곡시리즈 I,2018-09-01,리사이틀홀
725,음악당,독주,이보경 바이올린 독주회,2018-09-01,리사이틀홀
726,음악당,독주,이송희 첼로 독주회,2018-09-02,리사이틀홀
727,음악당,클래식,박종화 피아노 독주회,2018-09-02,리사이틀홀
728,음악당,독주,계명선 피아노 독주회,2018-09-04,리사이틀홀
729,음악당,복합장르,The Artist,2018-09-05,리사이틀홀
730,음악당,독주,피아니스트 정다슬 초청 독주회,2018-09-06,리사이틀홀
731,음악당,독주,김나영 피아노 독주회 내 마음의 보석상자 X,2018-09-07,리사이틀홀
732,음악당,독주,양경아 바이올린 독주회,2018-09-08,리사이틀홀
733,음악당,독주,트리오 알투스 정기연주회,2018-09-08,리사이틀홀
734,음악당,독주,이태정 바이올린 독주회 Classical Passion VIII,2018-09-09,리사이틀홀
735,음악당,실내악,조사방 작곡발표회 <2018>,2018-09-11,리사이틀홀
736,음악당,실내악,2018 대한민국실내악작곡제전 IV,2018-09-12,리사이틀홀
737,음악당,독주,이지현 첼로 독주회,2018-09-13,리사이틀홀
738,음악당,독주,정광준 첼로 독주회,2018-09-14,리사이틀홀
739,음악당,성악,소프라노 전유진 독창회,2018-09-15,리사이틀홀
740,음악당,독주,김소연 첼로 독주회,2018-09-16,리사이틀홀
741,음악당,성악,바로크와 현대가곡연구회 제81회 정기연주회,2018-09-16,리사이틀홀
742,음악당,실내악,서계숙 교수 동문음악회,2018-09-18,리사이틀홀
743,음악당,독주,김문정 피아노 독주회,2018-09-19,리사이틀홀
744,음악당,독주,박노을 첼로 독주회,2018-09-20,리사이틀홀
745,음악당,독주,강주이 비올라 독주회,2018-09-21,리사이틀홀
746,음악당,독주,선정원 피아노 독주회,2018-09-27,리사이틀홀
747,음악당,실내악,미시간 피아노 카메라타 제13회 정기연주회,2018-09-29,리사이틀홀
748,음악당,독주,손연지 오보에 독주회,2018-09-29,리사이틀홀
749,음악당,독주,이진화 피아노 독주회,2018-09-30,리사이틀홀
750,음악당,독주,나예지 귀국 피아노 독주회,2018-09-30,리사이틀홀
751,음악당,독주,이정아 귀국 피아노 독주회,2018-10-02,리사이틀홀
752,음악당,독주,김성은 비올라 독주회,2018-10-03,리사이틀홀
753,음악당,독주,김수연 바이올린 독주회,2018-10-04,리사이틀홀
754,음악당,독주,라세원 비올라 독주회,2018-10-05,리사이틀홀
755,음악당,독주,김성혜 바이올린 독주회,2018-10-06,리사이틀홀
756,음악당,독주,박정도 트롬본 독주회,2018-10-06,리사이틀홀
757,음악당,실내악,고연경 바이올린 독주회,2018-10-07,리사이틀홀
758,음악당,독주,서주희 바이올린 독주회,2018-10-07,리사이틀홀
759,음악당,독주,김유지 바이올린 독주회,2018-10-09,리사이틀홀
760,음악당,실내악,김규동 작곡 발표회 - 인상(印象) · II,2018-10-10,리사이틀홀
761,음악당,독주,임재홍 바이올린 독주회,2018-10-11,리사이틀홀
762,음악당,성악,서울예술가곡연구회 제 61회 정기연주회,2018-10-12,리사이틀홀
763,음악당,독주,오지현 첼로 독주회,2018-10-13,리사이틀홀
764,음악당,실내악,Great B,2018-10-13,리사이틀홀
765,음악당,실내악,제3회 트리오 우드노트 정기연주회,2018-10-14,리사이틀홀
766,음악당,독주,신지혜 오보에 독주회,2018-10-14,리사이틀홀
767,음악당,독주,손정애 피아노 독주회,2018-10-16,리사이틀홀
768,음악당,실내악,아이테르 트리오 제7회 정기연주회,2018-10-17,리사이틀홀
769,음악당,독주,신윤경 비올라 독주회,2018-10-18,리사이틀홀
770,음악당,독주,한경진 바이올린 독주회,2018-10-19,리사이틀홀
771,음악당,실내악,오보에 앙상블 The Piri 제14회 정기연주회,2018-10-20,리사이틀홀
772,음악당,독주,원진경 첼로 독주회,2018-10-20,리사이틀홀
773,음악당,독주,김정미 피아노 독주회,2018-10-21,리사이틀홀
774,음악당,독주,이연주 오보에 독주회,2018-10-21,리사이틀홀
775,음악당,독주,차혜수 귀국 첼로 독주회,2018-10-23,리사이틀홀
776,음악당,독주,김수현 바이올린 독주회,2018-10-24,리사이틀홀
777,음악당,독주,피아니스트 김소연 초청 리사이틀,2018-10-25,리사이틀홀
778,음악당,실내악,미래악회 제43회 정기연주회,2018-10-26,리사이틀홀
779,음악당,실내악,트리오 루체 정기연주회,2018-10-27,리사이틀홀
780,음악당,독주,이주희 플루트 독주회,2018-10-27,리사이틀홀
781,음악당,독주,이윤주 귀국 첼로 독주회,2018-10-28,리사이틀홀
782,음악당,독주,이창형 콘트라베이스 독주회,2018-10-28,리사이틀홀
783,음악당,실내악,창단 25주년 기념 앙상블 프리즈마 정기연주회,2018-10-30,리사이틀홀
784,음악당,실내악,Sergey Akimov 이민지 듀오 Series II,2018-10-31,리사이틀홀
785,음악당,클래식,한중 문화 교류 초청 음악회,2018-11-22,리사이틀홀
786,음악당,독주,김나연 귀국 바로크 바이올린 독주회,2018-11-23,리사이틀홀
787,음악당,독주,허희정 바이올린 독주회 十二支,2018-12-01,리사이틀홀
788,음악당,독주,이은서 피아노 독주회,2018-12-01,리사이틀홀
789,음악당,독주,정승연 첼로 독주회,2018-12-02,리사이틀홀
790,음악당,독주,이은미 바이올린 리사이틀,2018-12-04,리사이틀홀
791,음악당,실내악,작곡동인 소리목 제39회 정기연주회,2018-12-05,리사이틀홀
792,음악당,독주,임선영 비올라 독주회,2018-12-06,리사이틀홀
793,음악당,독주,기주희 바이올린 독주회,2018-12-07,리사이틀홀
794,음악당,독주,& Duo의 아름다운 시리즈2,2018-12-08,리사이틀홀
795,음악당,독주,고유림 귀국 비올라 독주회,2018-12-08,리사이틀홀
796,음악당,독주,유효정 바이올린 독주회,2018-12-09,리사이틀홀
797,음악당,독주,이 훈 피아노 독주회,2018-12-09,리사이틀홀
798,음악당,독주,이원식 바이올린 독주회,2018-12-11,리사이틀홀
799,음악당,독주,강보라 바이올린 독주회,2018-12-12,리사이틀홀
800,음악당,실내악,Trio de Seoul 정기연주회,2018-12-13,리사이틀홀
801,음악당,독주,한소라 바이올린 독주회,2018-12-14,리사이틀홀
802,음악당,독주,홍혜도 피아노 독주회 Bach＆Schubert 2,2018-12-15,리사이틀홀
803,음악당,독주,정재원 피아노 독주회,2018-12-15,리사이틀홀
804,음악당,독주,이지연 플루트 독주회,2018-12-16,리사이틀홀
805,음악당,독주,이석준 호른 독주회,2018-12-16,리사이틀홀
806,음악당,독주,슈베르트 서거 190주년 기념 김보경 피아노 독주회,2018-12-18,리사이틀홀
807,음악당,독주,채경주 피아노 독주회,2018-12-19,리사이틀홀
808,음악당,독주,양고우니 피아노 독주회,2018-12-22,리사이틀홀
809,음악당,독주,이상정 피아노 독주회,2018-12-22,리사이틀홀
810,음악당,독주,피아니스트 정보람의 Finding Music,2018-12-23,리사이틀홀
811,음악당,독주,왕혜진 첼로 독주회,2018-12-25,리사이틀홀
812,음악당,독주,피아니스트 유서진의 The Delicious Piano III,2018-12-26,리사이틀홀
813,음악당,독주,최재원 바이올린 독주회,2018-12-27,리사이틀홀
814,음악당,독주,이지윤 비올라 독주회,2018-12-28,리사이틀홀
815,음악당,클래식,2018 음악춘추 우수신인데뷔연주회,2018-12-29,리사이틀홀
816,음악당,독주,이상희 바이올린 독주회,2018-12-29,리사이틀홀
817,음악당,실내악,소블리스 트리오의 보석 상자 V,2018-12-30,리사이틀홀
818,음악당,실내악,김수현 노선영 피아노 두오 리사이틀,2018-12-30,리사이틀홀
