﻿번호,공연/전시구분,장르,공연/전시명,기간,장소
1,음악당,클래식,빈 필하모닉 멤버 앙상블 2019 신년음악회,2019-01-04,콘서트홀
2,음악당,교향곡,2019 서울시향 올해의 음악가 크리스티안 테츨라프①,2019-01-05,콘서트홀
3,음악당,교향곡,2019 신년음악회,2019-01-09,콘서트홀
4,음악당,교향곡,한화생명과 함께하는 예술의전당 11시콘서트(1월),2019-01-10,콘서트홀
5,음악당,성악,황수미의 Opera Climax,2019-01-10,콘서트홀
6,음악당,합창,2019 빈 소년 합창단 신년음악회 (26일),2019-01-26,콘서트홀
7,음악당,합창,2019 빈 소년 합창단 신년음악회 (27일),2019-01-27,콘서트홀
8,음악당,클래식,제1회 강남국제음악제 FINAL GRAND CONCERT,2019-01-29,콘서트홀
9,음악당,교향곡,코리안심포니오케스트라 신년음악회 (211회 정기연주회),2019-01-30,콘서트홀
10,음악당,교향곡,KBS교향악단 제738회 정기연주회,2019-01-31,콘서트홀
11,음악당,성악,신영옥 데뷔 30주년 콘서트,2019-02-01,콘서트홀
12,음악당,교향곡,KCO 2019 신년음악회,2019-02-01,콘서트홀
13,음악당,합창,영혼을 울리는 음악회 7,2019-02-02,콘서트홀
14,음악당,클래식,2020 밀레니엄 신년음악회,2019-02-04,콘서트홀
15,음악당,교향곡,너에게 들려주고 싶은 클래식이야기 - 너클리5,2019-02-08,콘서트홀
16,음악당,교향곡,"2019 대관령겨울음악제 실내악 갈라 콘서트, 〈NOwhere : NOWhere〉",2019-02-08,콘서트홀
17,음악당,실내악,서울 비르투오지 챔버오케스트라 기획시리즈,2019-02-09,콘서트홀
18,음악당,클래식,너에게 들려주고 싶은 클래식이야기 - 너클리3,2019-02-09,콘서트홀
19,음악당,교향곡,제10회ARKO한국창작음악제 (양악부문),2019-02-10,콘서트홀
20,음악당,교향곡,제11회ARKO한국창작음악제(양악부문),2019-02-11,콘서트홀
21,음악당,교향곡,제 12회 대한민국오페라대상 수상자 음악회,2019-02-12,콘서트홀
22,음악당,교향곡,서울대학교 음악대학 제13회 관악동문 정기연주회,2019-02-12,콘서트홀
23,음악당,교향곡,한화생명과 함께하는 예술의전당 11시콘서트(2월),2019-02-14,콘서트홀
24,음악당,복합장르,발렌타인데이 콘서트,2019-02-14,콘서트홀
25,음악당,교향곡,2019 서울시향 시벨리우스 스페셜①,2019-02-14,콘서트홀
26,음악당,클래식,레티시아모레노 with 뉴탱고퀸텟 피아졸라콘서트,2019-02-15,콘서트홀
27,음악당,교향곡,2019 서울시향 시벨리우스 스페셜②,2019-02-15,콘서트홀
28,음악당,클래식,곤지암 플루트 페스티벌 2019,2019-02-16,콘서트홀
29,음악당,성악,소프라노 캐슬린 김 리사이틀 Con Amores (콘 아모레스),2019-02-17,콘서트홀
30,음악당,교향곡,송도필하모닉오케스트라 신년음악회,2019-02-18,콘서트홀
31,음악당,교향곡,제23회 뮤즈 윈드 오케스트라 정기연주회,2019-02-19,콘서트홀
32,음악당,성악,테너 마르첼로 알바레즈 내한공연,2019-02-19,콘서트홀
33,음악당,교향곡,French Fantasia Ⅱ,2019-02-20,콘서트홀
34,음악당,성악,테너 김재형 [Moment]: 새로움의 시작,2019-02-20,콘서트홀
35,음악당,교향곡,2020 서울시향 모차르트 교향곡 제36번 린츠,2019-02-21,콘서트홀
36,음악당,교향곡,KBS교향악단 제739회 정기연주회,2019-02-21,콘서트홀
37,음악당,교향곡,제37회 유나이티드필하모닉오케스트라와 함께하는 가족음악회,2019-02-22,콘서트홀
38,음악당,교향곡,코리안심포니오케스트라 212회 정기연주회,2019-02-22,콘서트홀
39,음악당,합창,베토벤 최고의 걸작 '장엄미사',2019-02-23,콘서트홀
40,음악당,실내악,라파우 블레하츠 & 김봄소리 듀오 콘서트,2019-02-23,콘서트홀
41,음악당,성악,제 11회 대한민국오페라대상 수상자 음악회,2019-02-24,콘서트홀
42,음악당,독주,임현정 피아노 리사이틀,2019-02-26,콘서트홀
43,음악당,교향곡,나의 조국,2019-02-27,콘서트홀
44,음악당,교향곡,2019 서울시향 슈베르트 교향곡 9번 그레이트,2019-02-28,콘서트홀
45,음악당,클래식,"테크닉의 귀재, 라흐마니노프",2019-03-02,콘서트홀
46,음악당,합창,국립합창단 기획공연 창작칸타타 동방의 빛,2019-03-03,콘서트홀
47,음악당,실내악,에드가 모로 첼로 리사이틀,2019-03-06,콘서트홀
48,음악당,클래식,런던 필하모닉,2019-03-07,콘서트홀
49,음악당,교향곡,2019 서울시향 장에플람 바부제의 라벨 피아노 협주곡,2019-03-08,콘서트홀
50,음악당,,오페라 옴니버스,2019-03-09,콘서트홀
51,음악당,합창,프리마돈나 앙상블 제20회 정기연주회,2019-03-12,콘서트홀
52,음악당,교향곡,한화생명과 함께하는 예술의전당 11시콘서트(3월),2019-03-14,콘서트홀
53,음악당,교향곡,신세계 클래식 페스티벌,2019-03-15,콘서트홀
54,음악당,교향곡,신세계와 함께하는 2019 예술의전당 토요콘서트(3월),2019-03-16,콘서트홀
55,음악당,교향곡,구스타보 두다멜 ＆ LA PHIL (협연 : 유자 왕),2019-03-16,콘서트홀
56,음악당,합창,프리모 깐딴떼 제22회 정기연주회,2019-03-19,콘서트홀
57,음악당,클래식,2019 세아이운형문화재단 음악회,2019-03-20,콘서트홀
58,음악당,교향곡,2019 서울시향 말러와 슈트라우스,2019-03-22,콘서트홀
59,음악당,성악,오페라 카니발 2019,2019-03-23,콘서트홀
60,음악당,실내악,서울챔버오케스트라 제94회 정기연주회,2019-03-24,콘서트홀
61,음악당,합창,서울모테트합창단 창단 30주년 기념 마스터피스 시리즈 III 바흐 모테트 전곡 연주,2019-03-26,콘서트홀
62,음악당,교향곡,한경필하모닉 오케스트라 신춘음악회,2019-03-27,콘서트홀
63,음악당,교향곡,2019 서울시향 모차르트 스페셜,2019-03-28,콘서트홀
64,음악당,교향곡,KBS교향악단 제740회 정기연주회,2019-03-29,콘서트홀
65,음악당,,LG와 함께하는 제15회 서울국제음악콩쿠르(결선/3.30),2019-03-30,콘서트홀
66,음악당,독주,미로슬라브 꿀띠쉐프 초청 피아노 리사이틀,2019-03-31,콘서트홀
67,음악당,교향곡,2019 교향악축제 - 제주특별자치도립 제주교향악단 (4.2),2019-04-02,콘서트홀
68,음악당,교향곡,2019 교향악축제 - KBS 교향악단 (4.3),2019-04-03,콘서트홀
69,음악당,교향곡,2019 교향악축제 - 대구시립교향악단 (4.4),2019-04-04,콘서트홀
70,음악당,교향곡,2019 교향악축제 - 대전시립교향악단 (4.5),2019-04-05,콘서트홀
71,음악당,교향곡,2019 교향악축제 - 원주시립교향악단 (4.6),2019-04-06,콘서트홀
72,음악당,교향곡,2019 교향악축제 - 춘천시립교향악단 (4.7),2019-04-07,콘서트홀
73,음악당,교향곡,2019 교향악축제 - 군포 프라임필하모닉오케스트라 (4.9),2019-04-09,콘서트홀
74,음악당,교향곡,2019 교향악축제 - 인천시립교향악단 (4.10),2019-04-10,콘서트홀
75,음악당,교향곡,한화생명과 함께하는 예술의전당 11시콘서트(4월),2019-04-11,콘서트홀
76,음악당,교향곡,2019 교향악축제 - 코리안심포니오케스트라 (4.11),2019-04-11,콘서트홀
77,음악당,교향곡,2019 교향악축제 - 서울시립교향악단 (4.12),2019-04-12,콘서트홀
78,음악당,교향곡,2019 교향악축제 - 광주시립교향악단 (4.13),2019-04-13,콘서트홀
79,음악당,교향곡,2019 교향악축제 - 울산시립교향악단 (4.14),2019-04-14,콘서트홀
80,음악당,교향곡,2019 교향악축제 - 창원시립교향악단 (4.16),2019-04-16,콘서트홀
81,음악당,교향곡,2019 교향악축제 - 강남심포니오케스트라 (4.17),2019-04-17,콘서트홀
82,음악당,교향곡,2019 교향악축제 - 부산시립교향악단 (4.18),2019-04-18,콘서트홀
83,음악당,교향곡,2019 교향악축제 - 부천필하모닉오케스트라 (4.19),2019-04-19,콘서트홀
84,음악당,교향곡,신세계와 함께하는 2019 예술의전당 토요콘서트(4월),2019-04-20,콘서트홀
85,음악당,교향곡,2019 교향악축제 - 경기필하모닉 오케스트라 (4.20),2019-04-20,콘서트홀
86,음악당,교향곡,2019 교향악축제 - 중국 국가대극원 오케스트라 (4.21),2019-04-21,콘서트홀
87,음악당,교향곡,서울 뮤즈 윈드 오케스트라 영화음악의 밤,2019-04-23,콘서트홀
88,음악당,교향곡,2019 서울시향 빌데 프랑의 스트라빈스키 ①,2019-04-24,콘서트홀
89,음악당,교향곡,2019 서울시향 빌데 프랑의 스트라빈스키 ②,2019-04-25,콘서트홀
90,음악당,클래식,에네스콰르텟 EHNES QUARTET,2019-04-26,콘서트홀
91,음악당,교향곡,KBS교향악단 제741회 정기연주회,2019-04-27,콘서트홀
92,음악당,,예술의전당 콘서트 오페라 <토스카>,2019-04-30,콘서트홀
93,음악당,클래식,아스토르 피아졸라 퀸텟 콘서트,2019-05-01,콘서트홀
94,음악당,합창,국립합창단 제178회 정기연주회 〈스트라빈스키 시편교향곡〉,2019-05-02,콘서트홀
95,음악당,교향곡,게임속의 오케스트라: 마비노기,2019-05-03,콘서트홀
96,음악당,이벤트콘서트,제5회 예술의전당 어린이예술단 정기공연 -HARMONY-,2019-05-04,콘서트홀
97,음악당,교향곡,슈퍼히어로와 함께하는 어린이날 콘서트,2019-05-05,콘서트홀
98,음악당,클래식,2019 벳부 아르헤리치 페스티벌 in Seoul,2019-05-07,콘서트홀
99,음악당,교향곡,시대의 소음 : 책으로 듣는 쇼스타코비치,2019-05-08,콘서트홀
100,음악당,교향곡,한화생명과 함께하는 예술의전당 11시콘서트(5월),2019-05-09,콘서트홀
101,음악당,합창,안산시립합창단 제63회 정기연주회 무반주합창의 세계,2019-05-11,콘서트홀
102,음악당,클래식,루돌프 부흐빈더 ＆ 베토벤,2019-05-12,콘서트홀
103,음악당,교향곡,코리안챔버오케스트라 제164회 정기연주회,2019-05-14,콘서트홀
104,음악당,실내악,"러시아 클래식의 전설, 보로딘 콰르텟 내한공연",2019-05-15,콘서트홀
105,음악당,클래식,제6회 kt chamber orchestra 특별연주회,2019-05-16,콘서트홀
106,음악당,교향곡,부천필하모닉오케스트라 제248회 정기연주회 - 박영민의 말러 제3번,2019-05-17,콘서트홀
107,음악당,교향곡,신세계와 함께하는 2019 예술의전당 토요콘서트(5월),2019-05-18,콘서트홀
108,음악당,성악,카사노바 길들이기 갈라 콘서트,2019-05-19,콘서트홀
109,음악당,교향곡,The Propose,2019-05-21,콘서트홀
110,음악당,교향곡,제37회 자선음악회 그대있음에,2019-05-22,콘서트홀
111,음악당,교향곡,코리안심포니오케스트라 213회 정기연주회,2019-05-23,콘서트홀
112,음악당,교향곡,KBS교향악단 제742회 정기연주회,2019-05-24,콘서트홀
113,음악당,교향곡,2019 한국오페라 갈라페스티벌,2019-05-25,콘서트홀
114,음악당,,가족과 함께하는 금난새의 오페라 이야기,2019-05-26,콘서트홀
115,음악당,클래식,프라임필하모닉오케스트라 정기연주회 '오작교 프로젝트',2019-05-28,콘서트홀
116,음악당,교향곡,강남심포니오케스트라 제80회정기연주회,2019-05-29,콘서트홀
117,음악당,합창,대전시립합창단 서울특별연주회 푸치니 대영광송,2019-05-30,콘서트홀
118,음악당,교향곡,경기필하모닉 베토벤＆브람스 Ⅰ,2019-05-31,콘서트홀
119,음악당,독주,선우예권 피아노 리사이틀,2019-06-01,콘서트홀
120,음악당,합창,멘델스존 오라토리오 ‘엘리야’,2019-06-02,콘서트홀
121,음악당,합창,서울모테트합창단 창단 30주년 기념 마스터피스 시리즈 IV 바흐의 세속 칸타타,2019-06-04,콘서트홀
122,음악당,클래식,사랑이 머무는 곳에,2019-06-05,콘서트홀
123,음악당,교향곡,제68회 크누아 심포니 오케스트라 정기연주회,2019-06-06,콘서트홀
124,음악당,교향곡,제7회 베하필하모닉 오케스트라 정기연주회,2019-06-07,콘서트홀
125,음악당,합창,숭실OB남성합창단 창단 46주년 제39회 정기연주회,2019-06-08,콘서트홀
126,음악당,교향곡,고양필하모닉오케스트라 창단 20주년 기념 정기연주회,2019-06-09,콘서트홀
127,음악당,합창,이마에스트리 제14회 정기연주회,2019-06-11,콘서트홀
128,음악당,교향곡,한화생명과 함께하는 예술의전당 11시콘서트(6월),2019-06-13,콘서트홀
129,음악당,클래식,2019 디토 페스티벌 - 리처드 용재 오닐 & 제레미 덴크 <환상곡>,2019-06-14,콘서트홀
130,음악당,교향곡,신세계와 함께하는 2019 예술의전당 토요콘서트(6월),2019-06-15,콘서트홀
131,음악당,실내악,바르샤바 필하모닉 챔버 오케스트라,2019-06-16,콘서트홀
132,음악당,실내악,ASIA CELLO FESTIVAL for WORLD PEACE,2019-06-18,콘서트홀
133,음악당,실내악,2019 디토 페스티벌 - 앙상블 디토 리사이틀 <디토 연대기>,2019-06-19,콘서트홀
134,음악당,교향곡,2019 서울시향 차이콥스키 피아노 협주곡 1번①,2019-06-20,콘서트홀
135,음악당,교향곡,2019 서울시향 차이콥스키 피아노 협주곡 1번②,2019-06-21,콘서트홀
136,음악당,교향곡,한화클래식 2019: 조르디 사발과 르 콩세르 데 나시옹,2019-06-22,콘서트홀
137,음악당,교향곡,한화클래식 2019: 조르디 사발과 르 꽁세르 데 나시옹,2019-06-23,콘서트홀
138,음악당,클래식,이반 피셔 ＆ 부다페스트 페스티벌 오케스트라,2019-06-25,콘서트홀
139,음악당,합창,국립합창단 기획공연 영랑의 모란이 피기까지는,2019-06-26,콘서트홀
140,음악당,클래식,미하일 플레트네프 피아노 리사이틀,2019-06-27,콘서트홀
141,음악당,교향곡,KBS교향악단 제743회 정기연주회,2019-06-28,콘서트홀
142,음악당,교향곡,2019 서울시향 슈만 교향곡 1번,2019-06-29,콘서트홀
143,음악당,클래식,그리운 우리 가곡,2019-06-30,콘서트홀
144,음악당,클래식,2019 세종솔로이스츠의 힉엣눙크! 갈라콘서트,2019-07-02,콘서트홀
145,음악당,합창,코리아남성합창단 제20회 정기연주회,2019-07-03,콘서트홀
146,음악당,교향곡,제8회 나라사랑 보훈 음악회,2019-07-04,콘서트홀
147,음악당,교향곡,2019 서울시향 모차르트와 브루크너②,2019-07-05,콘서트홀
148,음악당,클래식,율리아 피셔 ＆ 드레스덴 필하모닉,2019-07-06,콘서트홀
149,음악당,클래식,제30회 이건음악회,2019-07-07,콘서트홀
150,음악당,,제30회 이건음악회,2019-07-07,콘서트홀
151,음악당,교향곡,제32회 유나이티드 필하모닉 오케스트라와 함께하는 가족음악회,2019-07-09,콘서트홀
152,음악당,합창,한국오라토리오싱어즈 제35회 정기연주회,2019-07-10,콘서트홀
153,음악당,교향곡,한화생명과 함께하는 예술의전당 11시콘서트(7월),2019-07-11,콘서트홀
154,음악당,클래식,콘체르토말라가,2019-07-12,콘서트홀
155,음악당,,바르셀로나 기타 트리오 ＆ 댄스〈스페인의 추억 플라멩코〉,2019-07-13,콘서트홀
156,음악당,클래식,"아디오스 피아졸라, 라이브 탱고",2019-07-14,콘서트홀
157,음악당,교향곡,뉴서울필하모닉 창단 28주년 기념 정기연주회,2019-07-16,콘서트홀
158,음악당,복합장르,서울팝스오케스트라 31주년 기념음악회,2019-07-17,콘서트홀
159,음악당,교향곡,KBS교향악단과 함께하는 운파 임원식 탄생 100주년 기념 음악회,2019-07-18,콘서트홀
160,음악당,교향곡,코리안심포니오케스트라의 Classic Hero I,2019-07-19,콘서트홀
161,음악당,교향곡,신세계와 함께하는 2019 예술의전당 토요콘서트(7월),2019-07-20,콘서트홀
162,음악당,클래식,"하루키, 라틴 지브리를 만나다",2019-07-21,콘서트홀
163,음악당,교향곡,제17회 코리아니쉬 플루트 오케스트라 정기연주회,2019-07-23,콘서트홀
164,음악당,합창,최훈차 교수 합창 60년 기념연주회,2019-07-24,콘서트홀
165,음악당,합창,한국교수콰이어 제15회 정기연주회,2019-07-25,콘서트홀
166,음악당,교향곡,KBS교향악단 제744회 정기연주회,2019-07-26,콘서트홀
167,음악당,,핑크퐁 클래식 나라,2019-07-27,콘서트홀
168,음악당,클래식,핑크퐁 클래식 나라,2019-07-27,콘서트홀
169,음악당,실내악,여름방학 해설이 있는 청소년 음악회8,2019-08-11,콘서트홀
170,음악당,합창,더 멘즈 콰이어 제11회 정기연주회,2019-08-13,콘서트홀
171,음악당,이벤트콘서트,아리랑 페스티벌,2019-08-14,콘서트홀
172,음악당,교향곡,한화생명과 함께하는 예술의전당 11시콘서트(8월),2019-08-15,콘서트홀
173,음악당,합창,2019 광복절기념 합창대축제,2019-08-15,콘서트홀
174,음악당,합창,2019 광복절기념 합창대축제,2019-08-16,콘서트홀
175,음악당,교향곡,신세계와 함께하는 2019 예술의전당 토요콘서트(8월),2019-08-17,콘서트홀
176,음악당,클래식,정명훈 & 원 코리아 오케스트라,2019-08-18,콘서트홀
177,음악당,실내악,CLUB M Complementarity,2019-08-20,콘서트홀
178,음악당,성악,2019 라벨라 그랜드 오페라 갈라콘서트,2019-08-21,콘서트홀
179,음악당,교향곡,KBS교향악단 제745회 정기연주회,2019-08-22,콘서트홀
180,음악당,클래식,(사)서울오케스트라 이음콘서트,2019-08-23,콘서트홀
181,음악당,클래식,2019 청소년을 위한 클래식 사용법 콘서트,2019-08-24,콘서트홀
182,음악당,,가족과 함께하는 금난새의 오페라 이야기,2019-08-25,콘서트홀
183,음악당,합창,서울센트럴남성합창단 제9회 정기연주회,2019-08-27,콘서트홀
184,음악당,실내악,노부스 콰르텟〈Slavic〉,2019-08-28,콘서트홀
185,음악당,교향곡,스티븐 허프의 브람스 피아노 협주곡 제2번,2019-08-29,콘서트홀
186,음악당,교향곡,오케스트라 앙상블 서울 OES의 베토벤 시리즈 III (2018-2020),2019-08-30,콘서트홀
187,음악당,클래식,재미 작곡가 강위덕 작곡 발표회,2019-09-01,콘서트홀
188,음악당,교향곡,강남심포니오케스트라 제81회 정기연주회,2019-09-03,콘서트홀
189,음악당,합창,포스메가남성합창단 제28회 정기연주회,2019-09-04,콘서트홀
190,음악당,교향곡,2019 서울시향 만프레트 호네크의 말러 교향곡 1번①,2019-09-05,콘서트홀
191,음악당,교향곡,과천시립교향악단 제58회 정기연주회,2019-09-06,콘서트홀
192,음악당,이벤트콘서트,서울비르투오지 챔버 오케스트라 제5회 정기연주회,2019-09-07,콘서트홀
193,음악당,교향곡,코리안심포니오케스트라 <넥스트 스테이지>,2019-09-08,콘서트홀
194,음악당,교향곡,2019 국군교향악단 정기연주회,2019-09-17,콘서트홀
195,음악당,클래식,"마티아스 괴르네, 조성진 그리고 슈베르트",2019-09-18,콘서트홀
196,음악당,교향곡,한화생명과 함께하는 예술의전당 11시콘서트(9월),2019-09-19,콘서트홀
197,음악당,교향곡,KBS교향악단 제746회 정기연주회,2019-09-19,콘서트홀
198,음악당,교향곡,KBS교향악단 제746회 정기연주회,2019-09-20,콘서트홀
199,음악당,교향곡,신세계와 함께하는 2019 예술의전당 토요콘서트(9월),2019-09-21,콘서트홀
200,음악당,클래식,2019 예술의전당 회원음악회,2019-09-22,콘서트홀
201,음악당,클래식,피터 비스펠베이 첼로 리사이틀,2019-09-24,콘서트홀
202,음악당,교향곡,부천필하모닉오케스트라 제250회 정기연주회 - 쇼스타코비치 시리즈 Ⅱ,2019-09-25,콘서트홀
203,음악당,클래식,신세계 클래식 페스티벌,2019-09-26,콘서트홀
204,음악당,교향곡,2019 서울시향 마르쿠스 슈텐츠의 베토벤 교향곡 영웅①,2019-09-27,콘서트홀
205,음악당,교향곡,2019 서울시향 마르쿠스 슈텐츠의 베토벤 교향곡 영웅②,2019-09-28,콘서트홀
206,음악당,클래식,드레스덴 슈타츠카펠레,2019-09-29,콘서트홀
207,음악당,교향곡,"위대한 작곡가, 쇼팽",2019-10-01,콘서트홀
208,음악당,성악,한국 가곡 축제- 내 나라 내 노래,2019-10-02,콘서트홀
209,음악당,클래식,제 11회 세일 한국가곡의 밤,2019-10-03,콘서트홀
210,음악당,,제7회 국악관현악축제,2019-10-04,콘서트홀
211,음악당,합창,이마에스트리 우리 가곡 부르는 날,2019-10-05,콘서트홀
212,음악당,클래식,스타즈 온 스테이지 2019,2019-10-06,콘서트홀
213,음악당,클래식,바리톤 김동규 프리미엄 콘서트 10월의 어느 멋진 날에,2019-10-08,콘서트홀
214,음악당,합창,"브람스 독일 레퀴엠, 운명의 노래",2019-10-09,콘서트홀
215,음악당,교향곡,한화생명과 함께하는 예술의전당 11시콘서트(10월),2019-10-10,콘서트홀
216,음악당,교향곡,KBS교향악단과 김대진의 Mozart and Beethoven,2019-10-11,콘서트홀
217,음악당,교향곡,경기필하모닉 베토벤 ＆ 브람스 II,2019-10-12,콘서트홀
218,음악당,클래식,제 16회 차이콥스키 콩쿠르 우승자 갈라콘서트,2019-10-15,콘서트홀
219,음악당,교향곡,2019 교보 노블리에 콘서트,2019-10-16,콘서트홀
220,음악당,합창,국립합창단 제179회 정기연주회 뿔랭과 라벨,2019-10-17,콘서트홀
221,음악당,교향곡,(재)KBS교향악단 제747회 정기연주회,2019-10-18,콘서트홀
222,음악당,교향곡,신세계와 함께하는 2019 예술의전당 토요콘서트(10월),2019-10-19,콘서트홀
223,음악당,교향곡,브람스 독일진혼곡,2019-10-20,콘서트홀
224,음악당,교향곡,한경미디어그룹 가족음악회,2019-10-22,콘서트홀
225,음악당,실내악,제10회 뽀꼬 아 뽀꼬 음악회,2019-10-23,콘서트홀
226,음악당,클래식,2019 제36회 대한민국국제음악제,2019-10-24,콘서트홀
227,음악당,클래식,미샤 마이스키 & 무직콜레기움 빈터투어,2019-10-25,콘서트홀
228,음악당,교향곡,SIMF 펜데레츠키 누가수난곡 사람의 길을 묻다,2019-10-26,콘서트홀
229,음악당,교향곡,SIMF 신포니에타 크라코비아 오래된이야기,2019-10-27,콘서트홀
230,음악당,교향곡,2019 예술의전당 대학오케스트라축제 - 한국예술종합학교,2019-10-29,콘서트홀
231,음악당,교향곡,2019 예술의전당 대학오케스트라축제 - 충남대학교,2019-10-30,콘서트홀
232,음악당,교향곡,2019 예술의전당 대학오케스트라축제 - 이화여자대학교,2019-10-31,콘서트홀
233,음악당,교향곡,2019 빈 필하모닉 오케스트라 내한공연,2019-11-01,콘서트홀
234,음악당,교향곡,2019 빈 필하모닉 오케스트라 내한공연,2019-11-02,콘서트홀
235,음악당,이벤트콘서트,포르테 디 콰트로와 함께하는 [Notte Stellata],2019-11-03,콘서트홀
236,음악당,교향곡,2019 예술의전당 대학오케스트라축제 - 연세대학교,2019-11-05,콘서트홀
237,음악당,교향곡,2019 예술의전당 대학오케스트라축제 - 한양대학교,2019-11-06,콘서트홀
238,음악당,교향곡,2019 예술의전당 대학오케스트라축제 - 경희대학교,2019-11-07,콘서트홀
239,음악당,교향곡,2019 예술의전당 대학오케스트라축제 - 서울대학교,2019-11-08,콘서트홀
240,음악당,클래식,러시아 명 피아노 협주곡 시리즈,2019-11-09,콘서트홀
241,음악당,클래식,필라델피아 오케스트라,2019-11-10,콘서트홀
242,음악당,실내악,안드라스 쉬프 & 카펠라 안드레아 바르카 오케스트라,2019-11-12,콘서트홀
243,음악당,클래식,장한나 ＆ 트론헤임 심포니 오케스트라 첫 내한공연 (협연:임동혁),2019-11-13,콘서트홀
244,음악당,교향곡,한화생명과 함께하는 예술의전당 11시콘서트(11월),2019-11-14,콘서트홀
245,음악당,교향곡,제11회 ARKO한국창작음악제(국악부문),2019-11-15,콘서트홀
246,음악당,교향곡,신세계와 함께하는 2019 예술의전당 토요콘서트(11월),2019-11-16,콘서트홀
247,음악당,클래식,"불후의 가곡, 희망을 노래하다",2019-11-17,콘서트홀
248,음악당,클래식,에스토니안 필하모닉 챔버 콰이어,2019-11-19,콘서트홀
249,음악당,교향곡,KCO 제165회 정기연주회,2019-11-20,콘서트홀
250,음악당,교향곡,강남심포니오케스트라 제82회 정기연주회,2019-11-21,콘서트홀
251,음악당,교향곡,우리카드와 함께하는 KBS교향악단 콘서트 오페라 라 보엠,2019-11-22,콘서트홀
252,음악당,클래식,다니엘 하리토노프 피아노 리사이틀,2019-11-23,콘서트홀
253,음악당,,KBS교향악단 콘서트 오페라 라 보엠,2019-11-24,콘서트홀
254,음악당,합창,국립합창단 제180회 정기연주회 헨델 메시아,2019-11-26,콘서트홀
255,음악당,,배리어프리: 모두를 위한 오페라 La traviata,2019-11-27,콘서트홀
256,음악당,교향곡,KBS교향악단 제748회 정기연주회,2019-11-28,콘서트홀
257,음악당,클래식,안네 소피 무터 바이올린 리사이틀,2019-11-29,콘서트홀
258,음악당,클래식,사랑과 희망의 하모니,2019-11-30,콘서트홀
259,음악당,클래식,지 용,2019-12-01,콘서트홀
260,음악당,합창,국립합창단 제180회 정기연주회 헨델 메시아,2019-12-03,콘서트홀
261,음악당,교향곡,경기필하모닉 마스터시리즈 XII _ 베토벤 합창 교향곡,2019-12-04,콘서트홀
262,음악당,교향곡,2019 서울시향 에마뉘엘 파위의 모차르트 협주곡①,2019-12-05,콘서트홀
263,음악당,교향곡,2019 서울시향 에마뉘엘 파위의 모차르트 협주곡②,2019-12-06,콘서트홀
264,음악당,실내악,백건우와 야상곡,2019-12-07,콘서트홀
265,음악당,교향곡,덴마크 로열 오케스트라,2019-12-08,콘서트홀
266,음악당,교향곡,코리안심포니오케스트라 말러 시리즈,2019-12-10,콘서트홀
267,음악당,독주,백건우와 쇼팽,2019-12-11,콘서트홀
268,음악당,교향곡,한화생명과 함께하는 예술의전당 11시콘서트(12월),2019-12-12,콘서트홀
269,음악당,교향곡,KBS교향악단과 파비오 루이지가 함께하는 특별연주회Ⅱ,2019-12-13,콘서트홀
270,음악당,,한국리릭오페라단 Winter Romance - 겨울연가,2019-12-14,콘서트홀
271,음악당,교향곡,베스트 오브 베스트 콘서트,2019-12-15,콘서트홀
272,음악당,합창,서울모테트합창단 창단 30주년 기념 마스터피스 시리즈 VI 바흐의 크리스마스 오라토리오,2019-12-17,콘서트홀
273,음악당,클래식,희망콘서트,2019-12-18,콘서트홀
274,음악당,교향곡,2019 서울시향 마르쿠스 슈텐츠의 합창 교향곡①,2019-12-19,콘서트홀
275,음악당,교향곡,2019 서울시향 마르쿠스 슈텐츠의 합창 교향곡②,2019-12-20,콘서트홀
276,음악당,교향곡,신세계와 함께하는 2019 예술의전당 토요콘서트(12월),2019-12-21,콘서트홀
277,음악당,합창,파리나무십자가소년합창단 특별 초청공연,2019-12-21,콘서트홀
278,음악당,클래식,2019 크리스마스 콘서트 : 유키 구라모토와 친구들,2019-12-22,콘서트홀
279,음악당,클래식,크리스마스 지브리 탱고,2019-12-24,콘서트홀
280,음악당,이벤트콘서트,리처드 용재 오닐 ‘선물’,2019-12-25,콘서트홀
281,음악당,합창,제36회 쏠리스트앙상블 송년음악회,2019-12-26,콘서트홀
282,음악당,교향곡,KBS교향악단 제749회 정기연주회,2019-12-27,콘서트홀
283,음악당,교향곡,KCO와 랄프 고토니의 모차르트 교향곡 46 전곡 연주 시리즈 1,2019-12-28,콘서트홀
284,음악당,클래식,사라 장 바이올린 리사이틀,2019-12-29,콘서트홀
285,음악당,교향곡,2019 예술의전당 제야음악회,2019-12-31,콘서트홀
286,음악당,실내악,조이오브스트링스 신년음악회 '사랑의 인사',2019-01-02,IBK챔버홀
287,음악당,독주,김은혜 타악기 독주회,2019-01-03,IBK챔버홀
288,음악당,성악,바리톤 김주택 리사이틀,2019-01-04,IBK챔버홀
289,음악당,클래식,2019이럴때이런음악'해설이있는 청소년을 위한 음악회',2019-01-05,IBK챔버홀
290,음악당,독주,안드레아스 블라우 내한공연,2019-01-05,IBK챔버홀
291,음악당,클래식,피아니스트 이진상 독주회 The New Beginning,2019-01-10,IBK챔버홀
292,음악당,복합장르,쇼팽으로 만나는 지브리,2019-01-26,IBK챔버홀
293,음악당,독주,이정란 첼로 리사이틀,2019-01-26,IBK챔버홀
294,음악당,독주,윤여훈 첼로 독주회,2019-01-27,IBK챔버홀
295,음악당,실내악,인비토 앙상블 제4회 정기연주회,2019-01-27,IBK챔버홀
296,음악당,실내악,제9회 아니마 체임버 정기연주회,2019-01-29,IBK챔버홀
297,음악당,실내악,2019 문화가 있는 날 SAC 아티스트 라운지(1월),2019-01-30,IBK챔버홀
298,음악당,독주,피아니스트 최희연의 베토벤 아벤트,2019-01-31,IBK챔버홀
299,음악당,실내악,앙상블 여운 정기연주회,2019-02-01,IBK챔버홀
300,음악당,독주,김지윤 바이올린 독주회,2019-02-01,IBK챔버홀
301,음악당,실내악,조이오브스트링스 신년음악회,2019-02-01,IBK챔버홀
302,음악당,실내악,제4회 앙상블 에스프리 콘서트,2019-02-02,IBK챔버홀
303,음악당,독주,최정은 첼로 독주회,2019-02-04,IBK챔버홀
304,음악당,독주,이나현의 트럼펫 시리즈 2,2019-02-05,IBK챔버홀
305,음악당,교향곡,(사)서울오케스트라 신년음악회,2019-02-06,IBK챔버홀
306,음악당,교향곡,코리안심포니오케스트라 실내악 시리즈 - 베토벤Ⅰ,2019-02-07,IBK챔버홀
307,음악당,실내악,"메타클래식연구회 에피소드 01. 피아노 듀오, 영국과 미국",2019-02-07,IBK챔버홀
308,음악당,실내악,트리오 아티스트리 정기연주회,2019-02-08,IBK챔버홀
309,음악당,성악,소프라노 이승현 독창회,2019-02-08,IBK챔버홀
310,음악당,클래식,해피버스데이 모차르트 VS 슈베르트,2019-02-08,IBK챔버홀
311,음악당,실내악,제15회 프렌즈 오브 뮤직 음악회,2019-02-09,IBK챔버홀
312,음악당,실내악,플루트 앙상블 아디나 제8회 정기연주회,2019-02-09,IBK챔버홀
313,음악당,실내악,제2회 앙상블 화 콘서트,2019-02-09,IBK챔버홀
314,음악당,교향곡,팬아시아필하모니아 제8회 정기연주회 - 모차르트 시리즈 III,2019-02-10,IBK챔버홀
315,음악당,실내악,Bon Soloists,2019-02-10,IBK챔버홀
316,음악당,실내악,콰르텟 블랑 창단연주회,2019-02-11,IBK챔버홀
317,음악당,실내악,Ensemble M 제3회 정기연주회,2019-02-12,IBK챔버홀
318,음악당,실내악,캄머오케스터서울 기획연주 슈베르트 겨울나그네,2019-02-12,IBK챔버홀
319,음악당,독주,원재연 피아노 리사이틀 All That Beethoven,2019-02-13,IBK챔버홀
320,음악당,실내악,온드림 앙상블 제6회 정기연주회,2019-02-13,IBK챔버홀
321,음악당,실내악,서울챔버앙상블 제68회 정기연주회,2019-02-14,IBK챔버홀
322,음악당,합창,국립합창단 제176회 정기연주회 창작합창의 밤,2019-02-14,IBK챔버홀
323,음악당,실내악,KlaviARTE Trio Concert,2019-02-15,IBK챔버홀
324,음악당,독주,박규희의 스페인 기타여행,2019-02-15,IBK챔버홀
325,음악당,독주,손민수 베토벤 피아노 소나타 전곡 시리즈 7,2019-02-15,IBK챔버홀
326,음악당,실내악,꼼마 앙상블 제1회 정기연주회,2019-02-16,IBK챔버홀
327,음악당,클래식,첼로프로젝트 7회 정기연주회,2019-02-16,IBK챔버홀
328,음악당,실내악,트리오 MEG 창단연주회,2019-02-16,IBK챔버홀
329,음악당,실내악,지음지기 브라스 콰이어 여섯 번째 이야기,2019-02-17,IBK챔버홀
330,음악당,성악,소프라노 오현미 독창회,2019-02-18,IBK챔버홀
331,음악당,독주,파올로 타발리오네 플루트 독주회,2019-02-19,IBK챔버홀
332,음악당,실내악,대한민국임시정부 수립 100주년 기념 컨플루언스앙상블 다섯번째 이야기 冬心,2019-02-19,IBK챔버홀
333,음악당,성악,소프라노 구은경 독창회,2019-02-20,IBK챔버홀
334,음악당,실내악,KCO 트로이카콘서트 시리즈 22,2019-02-20,IBK챔버홀
335,음악당,실내악,뷔에르 앙상블 제4회 정기연주회,2019-02-21,IBK챔버홀
336,음악당,성악,소프라노 김정아 독창회,2019-02-21,IBK챔버홀
337,음악당,실내악,베토벤 탄생 250주년 기념 트리오 MEG 제2회 정기연주회,2019-02-22,IBK챔버홀
338,음악당,실내악,콰르텟 이데아 제1회 정기연주회,2019-02-22,IBK챔버홀
339,음악당,독주,박지윤 바이올린 리사이틀,2019-02-22,IBK챔버홀
340,음악당,독주,송인정 첼로 독주회,2019-02-23,IBK챔버홀
341,음악당,,콘서트 드라마 <굿모닝 독도>,2019-02-23,IBK챔버홀
342,음악당,실내악,오케스트라 앙상블 서울 OES의 베토벤 시리즈 II (2018-2020),2019-02-23,IBK챔버홀
343,음악당,실내악,탱고 나잇 시즌 2,2019-02-24,IBK챔버홀
344,음악당,실내악,Trio Sol ＆ Friends,2019-02-26,IBK챔버홀
345,음악당,실내악,2019 문화가 있는 날 SAC 아티스트 라운지-2월,2019-02-27,IBK챔버홀
346,음악당,독주,박유신 김현정 듀오 리사이틀,2019-02-28,IBK챔버홀
347,음악당,독주,김성훈 피아노 독주회,2019-03-01,IBK챔버홀
348,음악당,실내악,2019 맨하탄 피아노 콰르텟 정기연주회,2019-03-02,IBK챔버홀
349,음악당,실내악,홍지연(음반발매기념) 첼로 독주회,2019-03-02,IBK챔버홀
350,음악당,클래식,건우회 제7회 정기연주회,2019-03-03,IBK챔버홀
351,음악당,실내악,제 3회 더브라스 퀸텟 앙상블 콘서트,2019-03-05,IBK챔버홀
352,음악당,성악,선율속의 하루,2019-03-06,IBK챔버홀
353,음악당,,박창수의 프리뮤직,2019-03-07,IBK챔버홀
354,음악당,독주,피아니스트 김소연 초청 리사이틀,2019-03-08,IBK챔버홀
355,음악당,클래식,해피버스데이 피아졸라 탱고,2019-03-09,IBK챔버홀
356,음악당,독주,피아니스트 김 준 리사이틀,2019-03-09,IBK챔버홀
357,음악당,교향곡,"송영훈의 클래식 큐레이터, 낭만에 대하여",2019-03-10,IBK챔버홀
358,음악당,실내악,모리스콰르텟 제23회 정기연주회,2019-03-12,IBK챔버홀
359,음악당,독주,김광군 바이올린 독주회,2019-03-13,IBK챔버홀
360,음악당,실내악,로이 앙상블 화이트데이 콘서트,2019-03-14,IBK챔버홀
361,음악당,클래식,더블베이시스트 성민제 리사이틀,2019-03-15,IBK챔버홀
362,음악당,실내악,2019 올림푸스와 함께하는〈올림#콘서트〉,2019-03-16,IBK챔버홀
363,음악당,독주,이혜경 플루트 독주회,2019-03-16,IBK챔버홀
364,음악당,실내악,안토닌 앙상블 정기연주회,2019-03-17,IBK챔버홀
365,음악당,실내악,피아노 듀오 유앤킴 리사이틀,2019-03-19,IBK챔버홀
366,음악당,클래식,피아니스트 김규연 리사이틀 The Monologue,2019-03-20,IBK챔버홀
367,음악당,클래식,피아니스트 윤철희의 베토벤 피아노 협주곡 전곡 연주회I,2019-03-21,IBK챔버홀
368,음악당,클래식,문태국 한지호 듀오 리사이틀,2019-03-22,IBK챔버홀
369,음악당,실내악,콰르텟 앤의 〈The Red Tango〉,2019-03-23,IBK챔버홀
370,음악당,실내악,파체 코스모폴리탄,2019-03-23,IBK챔버홀
371,음악당,독주,데니스 불리아코프 플루트 리사이틀,2019-03-24,IBK챔버홀
372,음악당,실내악,2019 코리안심포니오케스트라 실내악시리즈,2019-03-24,IBK챔버홀
373,음악당,실내악,라임 오페라 앙상블 정기연주회,2019-03-26,IBK챔버홀
374,음악당,실내악,2019 문화가 있는 날 SAC 아티스트 라운지-3월,2019-03-27,IBK챔버홀
375,음악당,실내악,Ensemble M 제 2회 정기연주회,2019-03-28,IBK챔버홀
376,음악당,교향곡,바흐솔리스텐서울 시대악기로 연주하는 헨델의 메시아 전곡연주회 시리즈 II,2019-03-29,IBK챔버홀
377,음악당,실내악,KCO 트로이카콘서트 시리즈 23,2019-03-30,IBK챔버홀
378,음악당,독주,심선민 퍼커션 리사이틀,2019-03-30,IBK챔버홀
379,음악당,실내악,첼리스타 첼로 앙상블 정기연주회,2019-03-31,IBK챔버홀
380,음악당,실내악,Quartet S 제3회 정기연주회,2019-04-02,IBK챔버홀
381,음악당,성악,이탈리아 성악회 제67회 정기연주회,2019-04-03,IBK챔버홀
382,음악당,실내악,조선풍류 정(井) 정기연주회,2019-04-04,IBK챔버홀
383,음악당,독주,임상우 클라리넷 독주회,2019-04-05,IBK챔버홀
384,음악당,클래식,[내한 20주년] 이사오 사사키 벚꽃 낭만,2019-04-06,IBK챔버홀
385,음악당,독주,피아니스트 김준희의 <폭풍>,2019-04-07,IBK챔버홀
386,음악당,성악,베이스 김일훈 독창회,2019-04-09,IBK챔버홀
387,음악당,독주,"김응수, 로한 드 실바 듀오 리사이틀",2019-04-10,IBK챔버홀
388,음악당,실내악,산타체칠리아 퀸텟 내한공연,2019-04-11,IBK챔버홀
389,음악당,클래식,제40회 한국리스트협회 정기연주회,2019-04-12,IBK챔버홀
390,음악당,클래식,주영목 교수 퇴임기념 JYM앙상블의 스프링 콘서트,2019-04-13,IBK챔버홀
391,음악당,실내악,아베끄 스트링 콰르텟 제5회 정기연주회,2019-04-14,IBK챔버홀
392,음악당,실내악,여음목관5중주 제32회 정기연주회,2019-04-16,IBK챔버홀
393,음악당,독주,김정아 바이올린 독주회,2019-04-17,IBK챔버홀
394,음악당,독주,바이올리니스트 이성주의 보헤미안 스케치Ⅰ,2019-04-18,IBK챔버홀
395,음악당,실내악,바이올리니스트 이성주의 보헤미안 스케치Ⅱ,2019-04-19,IBK챔버홀
396,음악당,독주,최경은 첼로 독주회,2019-04-20,IBK챔버홀
397,음악당,실내악,아벨 콰르텟 제3회 정기연주회,2019-04-20,IBK챔버홀
398,음악당,실내악,트리오 가이스트 제1회 정기연주회,2019-04-21,IBK챔버홀
399,음악당,실내악,제 12회 앙상블 판 정기연주회,2019-04-23,IBK챔버홀
400,음악당,실내악,2019 문화가 있는 날 SAC 아티스트 라운지-4월,2019-04-24,IBK챔버홀
401,음악당,독주,첼리스트 박진영 데뷔 20주년 기념 독주회,2019-04-25,IBK챔버홀
402,음악당,실내악,제 16회 프레미에 스트링 콰르텟 정기연주회,2019-04-26,IBK챔버홀
403,음악당,실내악,2019 하늠챔버앙상블 정기연주회,2019-04-27,IBK챔버홀
404,음악당,,2019 서울스프링실내악축제_0428,2019-04-28,IBK챔버홀
405,음악당,실내악,"함영림, 계명선 피아노 듀오 콘서트",2019-04-28,IBK챔버홀
406,음악당,클래식,2019 서울스프링실내악축제_0430,2019-04-30,IBK챔버홀
407,음악당,클래식,2019 서울스프링실내악축제_0501,2019-05-01,IBK챔버홀
408,음악당,클래식,2019 서울스프링실내악축제_0502,2019-05-02,IBK챔버홀
409,음악당,교향곡,2019 서울스프링실내악축제_0503,2019-05-03,IBK챔버홀
410,음악당,클래식,2019 서울스프링실내악축제 _0504 2pm,2019-05-04,IBK챔버홀
411,음악당,클래식,2019 서울스프링실내악축제_0504 7pm,2019-05-04,IBK챔버홀
412,음악당,실내악,PICAS와 함께하는 어린이날 그림동화 음악회,2019-05-05,IBK챔버홀
413,음악당,실내악,KCO 첼로 앙상블 제6회 정기연주회,2019-05-07,IBK챔버홀
414,음악당,실내악,콰르텟 21 제52회 정기연주회,2019-05-08,IBK챔버홀
415,음악당,교향곡,IBK 기업은행과 함께하는 사랑 그리고 나눔,2019-05-09,IBK챔버홀
416,음악당,성악,서울국제음악제 보스트리지와 드레이크 슈베르트 2019Ⅰ,2019-05-10,IBK챔버홀
417,음악당,독주,박종화 피아노 리사이틀,2019-05-11,IBK챔버홀
418,음악당,성악,오페라가 들리는 48시간 이탈리아 여행,2019-05-12,IBK챔버홀
419,음악당,성악,서울국제음악제 보스트리지와 드레이크 슈베르트 2019 Ⅱ,2019-05-12,IBK챔버홀
420,음악당,성악,서울국제음악제 보스트리지와 드레이크 슈베르트 2019 Ⅲ,2019-05-14,IBK챔버홀
421,음악당,독주,스타인웨이 위너 콘서트 인 코리아,2019-05-15,IBK챔버홀
422,음악당,실내악,알테무지크서울 제17회 정기연주회,2019-05-16,IBK챔버홀
423,음악당,실내악,김재영 문지영 듀오 리사이틀,2019-05-17,IBK챔버홀
424,음악당,실내악,바시오나 아모로사 그리고 슈퍼베이스,2019-05-18,IBK챔버홀
425,음악당,성악,바리톤 노대산 독창회,2019-05-18,IBK챔버홀
426,음악당,실내악,서울솔리스트 첼로앙상블 제25회 정기연주회,2019-05-19,IBK챔버홀
427,음악당,성악,바리톤 나건용 독창회,2019-05-21,IBK챔버홀
428,음악당,실내악,드니 성호 기타 리사이틀,2019-05-22,IBK챔버홀
429,음악당,실내악,제5회 ARZ 피아노 트리오 정기연주회,2019-05-23,IBK챔버홀
430,음악당,독주,박수경 바이올린 독주회 그리그 바이올린소나타 전곡시리즈,2019-05-24,IBK챔버홀
431,음악당,실내악,2019년 문화햇살콘서트,2019-05-25,IBK챔버홀
432,음악당,실내악,앙상블 에클라 2019 정기연주회,2019-05-26,IBK챔버홀
433,음악당,실내악,제3회 SYAP 정기연주회,2019-05-26,IBK챔버홀
434,음악당,실내악,현대음악앙상블 '소리' 2019 정기연주회,2019-05-28,IBK챔버홀
435,음악당,실내악,2019 문화가 있는 날 SAC 아티스트 라운지-5월,2019-05-29,IBK챔버홀
436,음악당,실내악,지음 클라리넷 앙상블 제17회 정기연주회,2019-05-30,IBK챔버홀
437,음악당,독주,손민수 베토벤 피아노 소나타 전곡 시리즈 5,2019-05-31,IBK챔버홀
438,음악당,독주,윤유진 피아노 독주회,2019-06-01,IBK챔버홀
439,음악당,실내악,2019 앙상블오푸스의 잃어버린 시간을 찾아서,2019-06-01,IBK챔버홀
440,음악당,독주,클래식 기타리스트 전장수의 [독도의 사계],2019-06-02,IBK챔버홀
441,음악당,독주,김동규 피아노 독주회,2019-06-04,IBK챔버홀
442,음악당,실내악,KCO 트로이카콘서트 시리즈 24,2019-06-05,IBK챔버홀
443,음악당,실내악,박종성 〈HARMONICIST〉,2019-06-06,IBK챔버홀
444,음악당,실내악,제16회 프렌즈 오브 뮤직 음악회,2019-06-07,IBK챔버홀
445,음악당,실내악,전영혜 음연 초청 피아노 독주회,2019-06-08,IBK챔버홀
446,음악당,독주,윤홍천 피아노 리사이틀,2019-06-08,IBK챔버홀
447,음악당,독주,김선민 피아노 독주회,2019-06-09,IBK챔버홀
448,음악당,실내악,콰르텟 원 정기연주회,2019-06-09,IBK챔버홀
449,음악당,실내악,(사)한국페스티발앙상블 제67회 정기연주회,2019-06-11,IBK챔버홀
450,음악당,실내악,2019 그랜드 피아노 콘서트,2019-06-12,IBK챔버홀
451,음악당,독주,김세준 박진형 듀오 리사이틀,2019-06-13,IBK챔버홀
452,음악당,클래식,코리안 솔로이스츠 정기연주회,2019-06-14,IBK챔버홀
453,음악당,실내악,제8회 아카데미 열정과 나눔 정기연주회,2019-06-15,IBK챔버홀
454,음악당,실내악,제6회 리움챔버오케스트라 정기연주회,2019-06-16,IBK챔버홀
455,음악당,실내악,벨루스콰르텟 창단 10주년 기념음악회,2019-06-16,IBK챔버홀
456,음악당,독주,민유경 바이올린 리사이틀,2019-06-18,IBK챔버홀
457,음악당,실내악,에스윗 색소폰 콰르텟 제1회 정기연주회,2019-06-19,IBK챔버홀
458,음악당,독주,피아니스트 강소연의 The Art of Rachmaninoff,2019-06-20,IBK챔버홀
459,음악당,실내악,보티첼리 콘서트 The Trio,2019-06-21,IBK챔버홀
460,음악당,클래식,클래식의 재발견 시리즈 I,2019-06-22,IBK챔버홀
461,음악당,클래식,바이올리니스트 김덕우의 울림,2019-06-22,IBK챔버홀
462,음악당,실내악,가일 플레이어즈 정기연주회,2019-06-23,IBK챔버홀
463,음악당,교향곡,팬아시아필하모니아 제9회 정기연주회 - 모차르트 시리즈 VI,2019-06-23,IBK챔버홀
464,음악당,실내악,"To Know, To Love 2019",2019-06-25,IBK챔버홀
465,음악당,실내악,2019 문화가 있는 날 SAC 아티스트 라운지-6월,2019-06-26,IBK챔버홀
466,음악당,교향곡,레오폴트 모차르트 탄생 300주년 기념 <부전자전 모차르트>,2019-06-27,IBK챔버홀
467,음악당,클래식,2019 디토 페스티벌 - 디퍼런트 디토 <메시앙 그리고 최재혁>,2019-06-28,IBK챔버홀
468,음악당,실내악,서울 아카데미 앙상블 제88회 정기연주회,2019-06-29,IBK챔버홀
469,음악당,실내악,앙상블 포럼 21 열 번째 정기연주회,2019-06-29,IBK챔버홀
470,음악당,실내악,앙상블 우리 제9회 정기연주회,2019-06-30,IBK챔버홀
471,음악당,클래식,프라임필하모닉오케스트라 정기연주회,2019-07-02,IBK챔버홀
472,음악당,독주,이신규 비올라 독주회,2019-07-03,IBK챔버홀
473,음악당,,제 18회 국립오페라단 성악콩쿠르 본선,2019-07-04,IBK챔버홀
474,음악당,실내악,더 뉴 바로크 컴퍼니 프로젝트 #6,2019-07-05,IBK챔버홀
475,음악당,독주,바이올리니스트 카라 남 리사이틀,2019-07-06,IBK챔버홀
476,음악당,실내악,한국 바순협회 정기연주회,2019-07-06,IBK챔버홀
477,음악당,실내악,한국플루트학회 제7회 정기연주회,2019-07-07,IBK챔버홀
478,음악당,성악,소프라노 김성은 독창회,2019-07-09,IBK챔버홀
479,음악당,실내악,"안미정, Han Tol 리코더 듀오 콘서트",2019-07-10,IBK챔버홀
480,음악당,독주,케빈 케너 피아노 리사이틀,2019-07-11,IBK챔버홀
481,음악당,실내악,실내악의 밤,2019-07-12,IBK챔버홀
482,음악당,실내악,제12회 한국플루트협회 정기연주회,2019-07-13,IBK챔버홀
483,음악당,실내악,Duo VIVID Summer Time Fun!,2019-07-13,IBK챔버홀
484,음악당,독주,강 철 유포니움 귀국 독주회,2019-07-14,IBK챔버홀
485,음악당,실내악,리 챔버오케스트라 제2회 정기연주회,2019-07-16,IBK챔버홀
486,음악당,실내악,앙상블 유니송 초청 연주회,2019-07-17,IBK챔버홀
487,음악당,실내악,아베오 트리오 정기연주회,2019-07-18,IBK챔버홀
488,음악당,실내악,제4회 드림위드 앙상블 정기연주회,2019-07-19,IBK챔버홀
489,음악당,실내악,V9 제3회 정기연주회,2019-07-20,IBK챔버홀
490,음악당,실내악,아델라 스트링 트리오 제2회 정기연주회,2019-07-21,IBK챔버홀
491,음악당,실내악,NEC 첼로 앙상블 콘서트,2019-07-21,IBK챔버홀
492,음악당,실내악,소노로스(SONOROUS) 앙상블 창단연주회,2019-07-23,IBK챔버홀
493,음악당,실내악,2019 문화가 있는 날 SAC 아티스트 라운지-7월,2019-07-24,IBK챔버홀
494,음악당,독주,조지현의 Beethoven Cycle 9회,2019-07-25,IBK챔버홀
495,음악당,실내악,서울이무지치 챔버오케스트라 정기연주회,2019-07-26,IBK챔버홀
496,음악당,실내악,유터피 목관오중주단 제14회 정기연주회,2019-07-27,IBK챔버홀
497,음악당,실내악,화음챔버오케스트라 청소년 음악회,2019-08-11,IBK챔버홀
498,음악당,클래식,곤지암 우드윈드 페스티벌 2019,2019-08-11,IBK챔버홀
499,음악당,실내악,현대음악앙상블 소리 2019 기획연주회,2019-08-13,IBK챔버홀
500,음악당,실내악,The Pianissimo 음악예술학회 정기연주회,2019-08-14,IBK챔버홀
501,음악당,실내악,라메르에릴 제14회 정기연주회,2019-08-15,IBK챔버홀
502,음악당,클래식,서울튜티앙상블 독일순회공연 기념연주회,2019-08-16,IBK챔버홀
503,음악당,독주,이보경 바이올린 독주회,2019-08-17,IBK챔버홀
504,음악당,실내악,스누아첼로앙상블 제5회 정기연주회,2019-08-18,IBK챔버홀
505,음악당,실내악,2019 사운드 온 디 엣지 III 콘체르토 그로소,2019-08-21,IBK챔버홀
506,음악당,클래식,제26회 꿈씨음악회,2019-08-22,IBK챔버홀
507,음악당,독주,바로크 첼리스트 이현정 독주회,2019-08-23,IBK챔버홀
508,음악당,독주,정한빈 피아노 리사이틀 ‘비르투오소-더 소나타',2019-08-24,IBK챔버홀
509,음악당,클래식,발트앙상블 아티스트 시리즈,2019-08-24,IBK챔버홀
510,음악당,실내악,라파엘 페로 이소현 듀오콘서트,2019-08-25,IBK챔버홀
511,음악당,실내악,코리안 모던 앙상블(KME) 제4회 정기연주회,2019-08-25,IBK챔버홀
512,음악당,독주,반선경 바이올린 귀국 독주회,2019-08-27,IBK챔버홀
513,음악당,실내악,2019 문화가 있는 날 SAC 아티스트 라운지-8월,2019-08-28,IBK챔버홀
514,음악당,실내악,알테무지크서울 제18회 정기연주회 - 창단 10주년 기념음악회,2019-08-29,IBK챔버홀
515,음악당,성악,소프라노 허미경 독창회,2019-08-30,IBK챔버홀
516,음악당,실내악,제2회 주디스 콰르텟 정기연주회,2019-08-31,IBK챔버홀
517,음악당,실내악,미루스 트리오 플러스 원,2019-09-01,IBK챔버홀
518,음악당,독주,김진욱 피아노 독주회,2019-09-01,IBK챔버홀
519,음악당,실내악,스케치 정기연주회 XI,2019-09-03,IBK챔버홀
520,음악당,실내악,KCO 트로이카콘서트 시리즈 25,2019-09-04,IBK챔버홀
521,음악당,독주,양고운 바이올린 리사이틀,2019-09-05,IBK챔버홀
522,음악당,독주,나윤주 첼로 독주회,2019-09-06,IBK챔버홀
523,음악당,실내악,첼리스트 이강호&피아니스트 이민영 듀오 콘서트 '향수',2019-09-07,IBK챔버홀
524,음악당,실내악,아울로스 목관5중주 창단30주년 기념 제34회 정기연주회,2019-09-07,IBK챔버홀
525,음악당,실내악,KCO 스트링 콰르텟 제18회 정기연주회,2019-09-08,IBK챔버홀
526,음악당,실내악,카메라타 안티콰 서울이 전하는 바로크 음악 이야기 XV,2019-09-10,IBK챔버홀
527,음악당,성악,소프라노 서보란 독창회,2019-09-17,IBK챔버홀
528,음악당,실내악,비루투오조 트롬본 앙상블 제10회 정기연주회,2019-09-18,IBK챔버홀
529,음악당,실내악,숙명트리오 정기연주회,2019-09-19,IBK챔버홀
530,음악당,독주,피아니스트 김두민 데뷔 리사이틀,2019-09-20,IBK챔버홀
531,음악당,독주,윤혜진 바이올린 독주회,2019-09-21,IBK챔버홀
532,음악당,독주,피아니스트 김소연 초청 리사이틀,2019-09-21,IBK챔버홀
533,음악당,독주,이세영 바이올린 독주회,2019-09-22,IBK챔버홀
534,음악당,실내악,토너스 트리오: 고전과 낭만 사이 II,2019-09-24,IBK챔버홀
535,음악당,실내악,2019 문화가 있는 날 SAC 아티스트 라운지-9월,2019-09-25,IBK챔버홀
536,음악당,독주,전지훈 베토벤 피아노 소나타 전곡 연주 시리즈 VI,2019-09-26,IBK챔버홀
537,음악당,독주,최재원 바이올린 독주회,2019-09-27,IBK챔버홀
538,음악당,실내악,2019년 문화햇살콘서트,2019-09-28,IBK챔버홀
539,음악당,독주,한상일 피아노 리사이틀,2019-09-28,IBK챔버홀
540,음악당,실내악,뮤지카 노바 정기연주회 Ⅱ,2019-09-29,IBK챔버홀
541,음악당,독주,피경선 피아노 독주회,2019-10-01,IBK챔버홀
542,음악당,교향곡,CSUSB 오케스트라 첫 내한공연,2019-10-02,IBK챔버홀
543,음악당,독주,표규선 바순 독주회,2019-10-03,IBK챔버홀
544,음악당,실내악,클라라의 사랑과 음악,2019-10-04,IBK챔버홀
545,음악당,독주,조성연 하프시코드 독주회,2019-10-05,IBK챔버홀
546,음악당,독주,피아니스트 문정재의 SOUND TRACK,2019-10-05,IBK챔버홀
547,음악당,클래식,세종솔로이스츠의 콘서트 세리오소,2019-10-06,IBK챔버홀
548,음악당,독주,임재홍 바이올린 독주회,2019-10-08,IBK챔버홀
549,음악당,교향곡,운지회 체임버 오케스트라 시리즈 XIV,2019-10-09,IBK챔버홀
550,음악당,복합장르,한국리스트협회 제41회 정기연주회,2019-10-10,IBK챔버홀
551,음악당,성악,테너 지명훈 독창회,2019-10-11,IBK챔버홀
552,음악당,이벤트콘서트,클림트&뮤직 콘서트,2019-10-12,IBK챔버홀
553,음악당,실내악,에센시아 트리오 제4회 정기연주회,2019-10-13,IBK챔버홀
554,음악당,실내악,루드비히 트리오 내한공연,2019-10-15,IBK챔버홀
555,음악당,성악,제4회 누뚜 정기연주회,2019-10-16,IBK챔버홀
556,음악당,독주,김민지 첼로 독주회,2019-10-17,IBK챔버홀
557,음악당,합창,바흐솔리스텐서울 피오리무지칼리 시리즈 VI,2019-10-18,IBK챔버홀
558,음악당,실내악,피아니스트 구자은 초청 스페셜 콘서트,2019-10-19,IBK챔버홀
559,음악당,실내악,제159회 서울신포니에타 정기연주회,2019-10-20,IBK챔버홀
560,음악당,독주,김 삶 바이올린 독주회,2019-10-22,IBK챔버홀
561,음악당,클래식,한국피아노두오협회 창립 30주년 기념 제 16회 스페셜콘서트,2019-10-23,IBK챔버홀
562,음악당,실내악,KCO 트로이카콘서트 시리즈 26,2019-10-24,IBK챔버홀
563,음악당,실내악,룩스 트리오 제2회 정기연주회,2019-10-25,IBK챔버홀
564,음악당,실내악,서울챔버오케스트라 제95회 정기연주회,2019-10-26,IBK챔버홀
565,음악당,실내악,제8회 대한민국예술원 음악회,2019-10-26,IBK챔버홀
566,음악당,실내악,어텀 실내악 페스티벌 2019 - Part.2,2019-10-27,IBK챔버홀
567,음악당,실내악,손열음 & 스베틀린 루세브 듀오 리사이틀,2019-10-29,IBK챔버홀
568,음악당,실내악,2019 문화가 있는 날 SAC 아티스트 라운지-10월,2019-10-30,IBK챔버홀
569,음악당,독주,SIMF 실내악 콘서트 시리즈1 만남과 이별,2019-10-31,IBK챔버홀
570,음악당,실내악,SIMF 리웨이와 그의 친구들 파도치는 해변,2019-11-01,IBK챔버홀
571,음악당,독주,홍의연 바이올린 독주회,2019-11-02,IBK챔버홀
572,음악당,교향곡,비올리스트 이한나의 바흐 무반주 전곡 and Shostakovich,2019-11-03,IBK챔버홀
573,음악당,실내악,SIMF 실내악 콘서트 시리즈2 겨울문턱에서,2019-11-05,IBK챔버홀
574,음악당,실내악,"SIMF 아르토 노라스, 랄프 고토니 낙엽이 지다",2019-11-06,IBK챔버홀
575,음악당,교향곡,IBK기업은행과 함께하는 사랑 그리고 나눔,2019-11-07,IBK챔버홀
576,음악당,실내악,SIMF 커티스 온 투어 어느 화창한 날에,2019-11-08,IBK챔버홀
577,음악당,실내악,제28회 사랑의 플룻콘서트 - 아름다운 동행,2019-11-09,IBK챔버홀
578,음악당,실내악,위 솔로이스츠 제20회 정기연주회,2019-11-10,IBK챔버홀
579,음악당,실내악,모리스 콰르텟 제24회 정기연주회,2019-11-12,IBK챔버홀
580,음악당,실내악,"M. Classic의 두 번째 콘서트, 그리고 Blessing",2019-11-13,IBK챔버홀
581,음악당,실내악,사)한국페스티발앙상블68회정기연주회,2019-11-14,IBK챔버홀
582,음악당,합창,국립합창단 제20회 데뷔콘서트,2019-11-15,IBK챔버홀
583,음악당,클래식,유못쇼 갈라콘서트,2019-11-16,IBK챔버홀
584,음악당,실내악,앙상블 에스쁘아 제6회 정기연주회,2019-11-17,IBK챔버홀
585,음악당,실내악,콰르텟 21 제53회 정기연주회,2019-11-19,IBK챔버홀
586,음악당,클래식,장애인식개선을 위한 하트투하트콘서트,2019-11-20,IBK챔버홀
587,음악당,실내악,블래져 목관앙상블 제3회 정기연주회,2019-11-21,IBK챔버홀
588,음악당,실내악,코리안심포니오케스트라 실내악시리즈 IV,2019-11-22,IBK챔버홀
589,음악당,실내악,예무스 제9회 정기연주회,2019-11-23,IBK챔버홀
590,음악당,실내악,화음쳄버오케스트라 제 42회 정기연주회,2019-11-24,IBK챔버홀
591,음악당,실내악,타펠무지크-왕의귀환,2019-11-26,IBK챔버홀
592,음악당,실내악,2019 문화가 있는 날 SAC 아티스트 라운지-11월,2019-11-27,IBK챔버홀
593,음악당,클래식,제8회 성정콘서트,2019-11-28,IBK챔버홀
594,음악당,클래식,니콜라이 카잔스키 초청 리사이틀,2019-11-29,IBK챔버홀
595,음악당,실내악,11월 문화햇살콘서트,2019-11-30,IBK챔버홀
596,음악당,실내악,제12회 현대음악앙상블 트와씨 정기연주회,2019-12-01,IBK챔버홀
597,음악당,실내악,이니스 앙상블 정기연주회,2019-12-03,IBK챔버홀
598,음악당,독주,드미트리 마슬레예프 피아노 리사이틀,2019-12-04,IBK챔버홀
599,음악당,실내악,코리안 브라스 앙상블의 다이얼로그 l,2019-12-05,IBK챔버홀
600,음악당,실내악,아코르 앙상블 10주년 기념음악회,2019-12-06,IBK챔버홀
601,음악당,독주,이옥희 피아노 독주회,2019-12-07,IBK챔버홀
602,음악당,클래식,홍은선 첼로 리사이틀,2019-12-08,IBK챔버홀
603,음악당,실내악,플루티스트들의 일곱 번째 수다,2019-12-10,IBK챔버홀
604,음악당,독주,조진주&이타마르 골란 VOICE II,2019-12-11,IBK챔버홀
605,음악당,성악,이 베아띠 제20회 정기연주회,2019-12-12,IBK챔버홀
606,음악당,독주,조성호 클라리넷 리사이틀,2019-12-13,IBK챔버홀
607,음악당,실내악,한국현악협회합주단 제5회 정기연주회,2019-12-14,IBK챔버홀
608,음악당,실내악,솔루스 오브 서울 브라스 제4회 정기연주회,2019-12-15,IBK챔버홀
609,음악당,실내악,윈뮤지션스 제 3회 정기연주회,2019-12-17,IBK챔버홀
610,음악당,,"2019 카즈미 타테이시 트리오 내한공연 -크리스마스, 재즈를 만나다-",2019-12-18,IBK챔버홀
611,음악당,실내악,조이오브스트링스 송년음악회 클래식 & 뮤지컬,2019-12-19,IBK챔버홀
612,음악당,실내악,하트시각장애인체임버오케스트라 제16회 정기연주회,2019-12-20,IBK챔버홀
613,음악당,독주,이지현 바순 시리즈 4,2019-12-21,IBK챔버홀
614,음악당,실내악,서울비르투오지 챔버 오케스트라 제6회 정기연주회,2019-12-22,IBK챔버홀
615,음악당,실내악,크리스마스 이브 콘서트,2019-12-24,IBK챔버홀
616,음악당,실내악,2019 문화가 있는 날 SAC 아티스트 라운지-12월,2019-12-25,IBK챔버홀
617,음악당,실내악,카로스타악기앙상블 정기연주회,2019-12-26,IBK챔버홀
618,음악당,복합장르,제2회 노바 색소폰 앙상블 정기연주회,2019-12-27,IBK챔버홀
619,음악당,실내악,그림책 음악회,2019-12-28,IBK챔버홀
620,음악당,성악,바리톤 방대진 독창회,2019-12-28,IBK챔버홀
621,음악당,실내악,위 솔로이스츠 2019 송년음악회,2019-12-29,IBK챔버홀
622,음악당,실내악,2019 Plus Chamber Group 송년음악회,2019-12-31,IBK챔버홀
623,음악당,독주,김정수 바이올린 독주회,2019-01-02,리사이틀홀
624,음악당,독주,황남규 귀국 클라리넷 독주회,2019-01-03,리사이틀홀
625,음악당,독주,윤수정 귀국 피아노 독주회,2019-01-04,리사이틀홀
626,음악당,독주,임혜선 피아노 독주회,2019-01-05,리사이틀홀
627,음악당,독주,조미정 귀국 피아노 독주회,2019-01-05,리사이틀홀
628,음악당,독주,태선이 귀국 바이올린 독주회,2019-01-10,리사이틀홀
629,음악당,독주,손창인 콘트라베이스 독주회,2019-01-26,리사이틀홀
630,음악당,실내악,〈Great B〉 III,2019-01-26,리사이틀홀
631,음악당,실내악,앙상블 노이 제4회 정기연주회,2019-01-27,리사이틀홀
632,음악당,독주,김혜지 바이올린 독주회,2019-01-27,리사이틀홀
633,음악당,독주,김규현 귀국 바순 독주회,2019-01-29,리사이틀홀
634,음악당,독주,홍수연 클라리넷 독주회,2019-01-30,리사이틀홀
635,음악당,독주,조다정 피아노 독주회,2019-01-31,리사이틀홀
636,음악당,독주,정다운 첼로 독주회<Mysterios Sonaten>,2019-02-01,리사이틀홀
637,음악당,독주,서영일 더블베이스 독주회,2019-02-01,리사이틀홀
638,음악당,독주,김범구 바이올린 독주회,2019-02-01,리사이틀홀
639,음악당,독주,김선희 바이올린 독주회,2019-02-02,리사이틀홀
640,음악당,독주,신성희 귀국 바이올린 독주회,2019-02-02,리사이틀홀
641,음악당,독주,전인홍 귀국 바이올린 독주회,2019-02-04,리사이틀홀
642,음악당,독주,송지원 바이올린 독주회,2019-02-05,리사이틀홀
643,음악당,독주,정소윤 피아노 독주회,2019-02-06,리사이틀홀
644,음악당,독주,이은준 플루트 독주회,2019-02-07,리사이틀홀
645,음악당,독주,조 한 귀국 플루트 독주회,2019-02-07,리사이틀홀
646,음악당,성악,소프라노 박선영 독창회,2019-02-08,리사이틀홀
647,음악당,독주,박상현 콘트라베이스 독주회,2019-02-08,리사이틀홀
648,음악당,독주,김경아 플루트 독주회,2019-02-08,리사이틀홀
649,음악당,독주,김민승 귀국 첼로 독주회,2019-02-09,리사이틀홀
650,음악당,독주,박준성 귀국 색소폰 독주회,2019-02-09,리사이틀홀
651,음악당,독주,고관수 귀국 오보에 독주회,2019-02-09,리사이틀홀
652,음악당,독주,피아니스트 김경은의 라벨 피아노 전곡시리즈 IV,2019-02-09,리사이틀홀
653,음악당,독주,문지형 첼로 독주회,2019-02-10,리사이틀홀
654,음악당,독주,배유리 피아노 리사이틀,2019-02-10,리사이틀홀
655,음악당,독주,권영선 튜바 독주회,2019-02-11,리사이틀홀
656,음악당,독주,이수민 비올라 독주회,2019-02-12,리사이틀홀
657,음악당,클래식,이루사 피아노 독주회,2019-02-12,리사이틀홀
658,음악당,독주,노은경 첼로 독주회,2019-02-13,리사이틀홀
659,음악당,독주,허효정의 인문학 리사이틀,2019-02-13,리사이틀홀
660,음악당,독주,강효지 피아노 독주회 - 강효지의 디스커버리 시리즈 II ‘화두’,2019-02-14,리사이틀홀
661,음악당,실내악,발렌타인데이 라이브 콘서트,2019-02-14,리사이틀홀
662,음악당,독주,고로헌 귀국 더블베이스 독주회,2019-02-15,리사이틀홀
663,음악당,독주,하종수 귀국 플루트 독주회,2019-02-15,리사이틀홀
664,음악당,독주,안세훈 귀국 바이올린 독주회,2019-02-16,리사이틀홀
665,음악당,독주,손한요 클라리넷 독주회,2019-02-16,리사이틀홀
666,음악당,독주,서우형 귀국 첼로 독주회,2019-02-16,리사이틀홀
667,음악당,독주,황소진 첼로 독주회,2019-02-16,리사이틀홀
668,음악당,독주,노유리 귀국 피아노 독주회,2019-02-17,리사이틀홀
669,음악당,독주,김예라 귀국 피아노 독주회,2019-02-17,리사이틀홀
670,음악당,성악,테너 김은국 귀국 독창회,2019-02-18,리사이틀홀
671,음악당,독주,장린 더블베이스 독주회,2019-02-19,리사이틀홀
672,음악당,독주,정유정 바이올린 독주회,2019-02-19,리사이틀홀
673,음악당,독주,송호섭 클라리넷 독주회 XXIII,2019-02-20,리사이틀홀
674,음악당,독주,석유리 오보에 독주회,2019-02-20,리사이틀홀
675,음악당,실내악,트리오 다올 창단연주회,2019-02-21,리사이틀홀
676,음악당,성악,테너 염성호 독창회,2019-02-21,리사이틀홀
677,음악당,독주,한예진 귀국 비올라 독주회,2019-02-22,리사이틀홀
678,음악당,독주,김헌재 피아노 리사이틀,2019-02-22,리사이틀홀
679,음악당,독주,홍수연 클라리넷 독주회,2019-02-23,리사이틀홀
680,음악당,독주,장선우 플루트 독주회,2019-02-23,리사이틀홀
681,음악당,독주,김주현 클라리넷 독주회,2019-02-23,리사이틀홀
682,음악당,독주,송유진 피아노 리사이틀,2019-02-23,리사이틀홀
683,음악당,독주,장우리 첼로 독주회,2019-02-24,리사이틀홀
684,음악당,실내악,이영주 & 유현 바이올린 듀오 리사이틀,2019-02-24,리사이틀홀
685,음악당,독주,"박소현 CD 발매 기념 해설이 있는 바이올린, 비올라 독주회",2019-02-25,리사이틀홀
686,음악당,독주,윤재현 타악기 독주회,2019-02-26,리사이틀홀
687,음악당,독주,정소영 피아노 독주회,2019-02-26,리사이틀홀
688,음악당,독주,송수미 귀국 피아노 독주회,2019-02-27,리사이틀홀
689,음악당,독주,유미향 피아노 독주회,2019-02-28,리사이틀홀
690,음악당,독주,김연진 첼로 독주회,2019-03-01,리사이틀홀
691,음악당,독주,송호섭 클라리넷 독주회 XXII,2019-03-02,리사이틀홀
692,음악당,독주,신승환 플루트 독주회,2019-03-02,리사이틀홀
693,음악당,독주,김민지 플루트 독주회,2019-03-03,리사이틀홀
694,음악당,독주,김고운 피아노 독주회,2019-03-03,리사이틀홀
695,음악당,독주,홍성은 첼로 독주회,2019-03-05,리사이틀홀
696,음악당,독주,박현정 플루트 독주회,2019-03-06,리사이틀홀
697,음악당,성악,소프라노 한상은 독창회,2019-03-07,리사이틀홀
698,음악당,독주,이현애 바이올린 독주회,2019-03-08,리사이틀홀
699,음악당,독주,박지현 오보에 독주회,2019-03-09,리사이틀홀
700,음악당,독주,유수현 피아노 독주회,2019-03-09,리사이틀홀
701,음악당,독주,유소영 피아노 독주회,2019-03-10,리사이틀홀
702,음악당,실내악,앙상블 ELAS 제4회 정기연주회,2019-03-10,리사이틀홀
703,음악당,독주,양승희 바이올린 독주회,2019-03-12,리사이틀홀
704,음악당,실내악,2019 대한민국 실내악 작곡제전 I,2019-03-13,리사이틀홀
705,음악당,성악,바리톤 김승철 독창회,2019-03-14,리사이틀홀
706,음악당,독주,최경아 피아노 독주회,2019-03-15,리사이틀홀
707,음악당,독주,오민정 오보에 독주회,2019-03-16,리사이틀홀
708,음악당,독주,서범수 더블베이스 독주회,2019-03-16,리사이틀홀
709,음악당,독주,아야 마츠시타 초청 피아노 독주회,2019-03-17,리사이틀홀
710,음악당,독주,비올리스트 임요섭 리사이틀,2019-03-19,리사이틀홀
711,음악당,실내악,사)한국페스티발앙상블 제 29회 현대음악축제,2019-03-21,리사이틀홀
712,음악당,독주,채문영 피아노 독주회,2019-03-22,리사이틀홀
713,음악당,독주,이승민 쳄발로 독주회,2019-03-23,리사이틀홀
714,음악당,,LG와 함께하는 제15회 서울국제음악콩쿠르(제1차예선/3.24),2019-03-24,리사이틀홀
715,음악당,,LG와 함께하는 제15회 서울국제음악콩쿠르(제1차예선/3.25),2019-03-25,리사이틀홀
716,음악당,,LG와 함께하는 제15회 서울국제음악콩쿠르(제2차예선/3.26),2019-03-26,리사이틀홀
717,음악당,,LG와 함께하는 제15회 서울국제음악콩쿠르(준결선/3.28),2019-03-28,리사이틀홀
718,음악당,독주,조세나 귀국 바순 독주회,2019-03-29,리사이틀홀
719,음악당,성악,소프라노 박성진 독창회,2019-03-30,리사이틀홀
720,음악당,독주,히로타 순지 피아노 독주회,2019-03-30,리사이틀홀
721,음악당,독주,권요안 피아노 독주회,2019-03-31,리사이틀홀
722,음악당,독주,안명주 플루트 독주회,2019-03-31,리사이틀홀
723,음악당,독주,피아니스트 강정은의 “Romantic Story Ⅲ”,2019-04-02,리사이틀홀
724,음악당,독주,피아니스트 윤형숙의 음악공방 시리즈 VIII,2019-04-03,리사이틀홀
725,음악당,독주,유지수 피아노 독주회-모차르트 피아노 소나타 전곡 연주 III,2019-04-04,리사이틀홀
726,음악당,실내악,제6회 이음협회 정기연주회,2019-04-05,리사이틀홀
727,음악당,실내악,정혜연 피아노 독주회 <PROJECT OPUS 1 >,2019-04-06,리사이틀홀
728,음악당,독주,조유리 바이올린 독주회,2019-04-06,리사이틀홀
729,음악당,독주,배기정 첼로 독주회,2019-04-07,리사이틀홀
730,음악당,독주,한형실 피아노 독주회,2019-04-09,리사이틀홀
731,음악당,실내악,2019 대한민국 실내악 작곡제전 II,2019-04-10,리사이틀홀
732,음악당,독주,바이올리니스트 김혜란의 Violin Emotion III,2019-04-11,리사이틀홀
733,음악당,독주,서민정 바이올린 독주회,2019-04-12,리사이틀홀
734,음악당,독주,강드보라 바이올린 독주회,2019-04-13,리사이틀홀
735,음악당,실내악,코리아나 챔버 뮤직 소사이어티 제70회 정기연주회,2019-04-14,리사이틀홀
736,음악당,독주,안디무직 제11회 정기연주회,2019-04-14,리사이틀홀
737,음악당,성악,바로크와 현대가곡연구회 제82회 정기연주회,2019-04-16,리사이틀홀
738,음악당,독주,피아니스트 윤병화의 마스터피스 시리즈 I,2019-04-17,리사이틀홀
739,음악당,실내악,제68회 (사)한국여성작곡가회 봄 정기 발표회,2019-04-18,리사이틀홀
740,음악당,독주,오재경 귀국 첼로 독주회,2019-04-19,리사이틀홀
741,음악당,독주,전수진 피아노 독주회,2019-04-20,리사이틀홀
742,음악당,독주,플루티스트 윤현임 X 피아니스트 신주연 듀오 리사이틀,2019-04-20,리사이틀홀
743,음악당,독주,송성준 피아노 독주회,2019-04-21,리사이틀홀
744,음악당,독주,장현진 플루트 독주회,2019-04-21,리사이틀홀
745,음악당,실내악,2019 ACL-Korea 국제음악제 콘서트 I,2019-04-23,리사이틀홀
746,음악당,독주,유성민 바이올린 독주회,2019-04-24,리사이틀홀
747,음악당,실내악,"신미정, 김수연, 정선이 트리오 연주회",2019-04-25,리사이틀홀
748,음악당,실내악,제27회 빈트리오 정기연주회,2019-04-26,리사이틀홀
749,음악당,성악,한국가곡연구회 제 51회 정기연주회,2019-04-27,리사이틀홀
750,음악당,독주,선우지현 클라리넷 독주회,2019-04-27,리사이틀홀
751,음악당,독주,조효단 클라리넷 독주회,2019-04-28,리사이틀홀
752,음악당,독주,성경주 바이올린 독주회,2019-04-28,리사이틀홀
753,음악당,독주,박진영 바이올린 독주회 <The Contrast>,2019-04-30,리사이틀홀
754,음악당,실내악,조지현의 Beethoven Cycle 8회,2019-05-01,리사이틀홀
755,음악당,클래식,채희철 어수희 두오 리사이틀,2019-05-02,리사이틀홀
756,음악당,독주,이상회 비올라 독주회,2019-05-03,리사이틀홀
757,음악당,독주,염은하 바이올린 독주회,2019-05-04,리사이틀홀
758,음악당,독주,김세희 피아노 독주회,2019-05-04,리사이틀홀
759,음악당,실내악,2019 어린이날 음악회,2019-05-05,리사이틀홀
760,음악당,독주,안영지 귀국 플루트 독주회,2019-05-05,리사이틀홀
761,음악당,실내악,창악회(創樂會) 창립 61주년 정기발표회 I,2019-05-07,리사이틀홀
762,음악당,실내악,창악회 동방기원 한국-대만 교류 현대음악제,2019-05-08,리사이틀홀
763,음악당,독주,윤지혜 플루트 독주회,2019-05-09,리사이틀홀
764,음악당,독주,곽나영 오보에 독주회,2019-05-10,리사이틀홀
765,음악당,독주,이숙현 오보에 독주회,2019-05-11,리사이틀홀
766,음악당,실내악,아니마 체임버 앙상블의 실내악 음악회,2019-05-11,리사이틀홀
767,음악당,독주,황영경 피아노 독주회,2019-05-12,리사이틀홀
768,음악당,독주,박수진 피아노 독주회,2019-05-12,리사이틀홀
769,음악당,성악,서울예술가곡연구회 제 62회 정기연주회,2019-05-14,리사이틀홀
770,음악당,독주,배종선 플루트 독주회,2019-05-15,리사이틀홀
771,음악당,독주,김희진 피아노 독주회,2019-05-16,리사이틀홀
772,음악당,독주,김대준 첼로 독주회,2019-05-17,리사이틀홀
773,음악당,실내악,2019 대한민국 실내악 작곡제전 III,2019-05-18,리사이틀홀
774,음악당,독주,홍인경 피아노 독주회,2019-05-19,리사이틀홀
775,음악당,독주,김우중 오보에 독주회,2019-05-19,리사이틀홀
776,음악당,독주,제 36회 허재영 튜바 독주회,2019-05-21,리사이틀홀
777,음악당,독주,정민정 피아노 독주회,2019-05-22,리사이틀홀
778,음악당,독주,김동현 귀국 클라리넷 독주회,2019-05-23,리사이틀홀
779,음악당,독주,류리나 바이올린 독주회,2019-05-24,리사이틀홀
780,음악당,독주,이마리솔 바이올린 독주회,2019-05-25,리사이틀홀
781,음악당,독주,전소영 첼로 독주회,2019-05-25,리사이틀홀
782,음악당,실내악,제13회 소노리테 목관5중주 정기연주회,2019-05-26,리사이틀홀
783,음악당,독주,김유빈 귀국 피아노 독주회,2019-05-26,리사이틀홀
784,음악당,독주,김미령 바이올린 독주회,2019-05-28,리사이틀홀
785,음악당,독주,박미희 바이올린 독주회,2019-05-29,리사이틀홀
786,음악당,실내악,21세기악회 제50주년 기념작품발표회 II,2019-05-30,리사이틀홀
787,음악당,독주,김운성 트롬본 독주회,2019-05-31,리사이틀홀
788,음악당,독주,라세원 비올라 독주회,2019-06-01,리사이틀홀
789,음악당,독주,박고운 첼로 독주회,2019-06-02,리사이틀홀
790,음악당,독주,김민경 플루트 독주회,2019-06-02,리사이틀홀
791,음악당,독주,최현진 피아노 독주회-베토벤 후기 소나타의 새로운 시작,2019-06-04,리사이틀홀
792,음악당,실내악,2019 대한민국 실내악 작곡제전 IV,2019-06-05,리사이틀홀
793,음악당,독주,변규리 클라리넷 독주회,2019-06-06,리사이틀홀
794,음악당,독주,이지영 바순 독주회,2019-06-07,리사이틀홀
795,음악당,교향곡,작곡동인 델로스 제28회 정기작품발표회 한국의 소리VIII,2019-06-08,리사이틀홀
796,음악당,독주,이수연 피아노 독주회,2019-06-08,리사이틀홀
797,음악당,독주,홍혜도 피아노 독주회- Bach & Schubert 3,2019-06-09,리사이틀홀
798,음악당,독주,천정은 귀국 플루트 독주회,2019-06-09,리사이틀홀
799,음악당,독주,송지원 바이올린 독주회,2019-06-11,리사이틀홀
800,음악당,독주,박혜준 첼로 독주회,2019-06-12,리사이틀홀
801,음악당,클래식,한국피아노두오협회 제 64회 정기연주회,2019-06-13,리사이틀홀
802,음악당,독주,오지현 첼로 독주회,2019-06-14,리사이틀홀
803,음악당,독주,왕명호 플루트 독주회,2019-06-15,리사이틀홀
804,음악당,독주,이무은 바이올린 독주회,2019-06-15,리사이틀홀
805,음악당,독주,고기연 바이올린 앤 비올라 독주회,2019-06-16,리사이틀홀
806,음악당,독주,임남희 : 베토벤 피아노 소나타 전곡 연주회 VI,2019-06-18,리사이틀홀
807,음악당,독주,정지강 윤형숙 피아노 두오 연주회,2019-06-20,리사이틀홀
808,음악당,독주,이섬승 귀국 피아노 독주회,2019-06-21,리사이틀홀
809,음악당,성악,소프라노 고미현 교수 제28회 독창회,2019-06-22,리사이틀홀
810,음악당,독주,김남균 콘트라베이스 독주회,2019-06-22,리사이틀홀
811,음악당,실내악,디 앙상블의 선물,2019-06-23,리사이틀홀
812,음악당,독주,이건용 트롬본 독주회,2019-06-23,리사이틀홀
813,음악당,독주,정진희 바이올린 독주회,2019-06-25,리사이틀홀
814,음악당,독주,최재희 클라리넷 리사이틀,2019-06-26,리사이틀홀
815,음악당,독주,나채원 플루트 독주회,2019-06-27,리사이틀홀
816,음악당,독주,김광훈 바이올린 독주회,2019-06-28,리사이틀홀
817,음악당,실내악,이소영 플루트 독주회,2019-06-29,리사이틀홀
818,음악당,독주,피아니스트 정자영 쇼팽 에튀드 전곡 연주,2019-06-29,리사이틀홀
819,음악당,독주,이영우 피아노 독주회,2019-06-30,리사이틀홀
820,음악당,독주,김주원 바이올린 독주회,2019-07-02,리사이틀홀
821,음악당,독주,바이올리니스트 최유진과 세기의 로맨티스트 시리즈 II,2019-07-03,리사이틀홀
822,음악당,독주,김민욱 귀국 클라리넷 독주회,2019-07-04,리사이틀홀
823,음악당,실내악,포르테 트리오+1 콘서트,2019-07-05,리사이틀홀
824,음악당,독주,나윤아 바이올린 독주회,2019-07-06,리사이틀홀
825,음악당,클래식,TIMELESS : WITH HORN,2019-07-07,리사이틀홀
826,음악당,클래식,한옥미 작곡 발표회,2019-07-07,리사이틀홀
827,음악당,독주,피아니스트 노예진 리사이틀,2019-07-09,리사이틀홀
828,음악당,독주,이호정 피아노 독주회,2019-07-10,리사이틀홀
829,음악당,독주,류희윤 바이올린 독주회,2019-07-11,리사이틀홀
830,음악당,독주,임지희 바이올린 독주회,2019-07-12,리사이틀홀
831,음악당,독주,정희석 트롬본 독주회,2019-07-13,리사이틀홀
832,음악당,독주,임재성 첼로 독주회,2019-07-13,리사이틀홀
833,음악당,독주,변현조 클라리넷 독주회,2019-07-14,리사이틀홀
834,음악당,클래식,박지현 바이올린 독주회,2019-07-14,리사이틀홀
835,음악당,독주,김지은 귀국 비올라 독주회,2019-07-16,리사이틀홀
836,음악당,독주,재미 피아니스트 박우빈 초청 독주회,2019-07-17,리사이틀홀
837,음악당,독주,정승원 귀국 첼로 독주회,2019-07-18,리사이틀홀
838,음악당,독주,이현주 플루트 독주회,2019-07-19,리사이틀홀
839,음악당,독주,이혜정 바이올린 독주회,2019-07-20,리사이틀홀
840,음악당,실내악,Ensemble Lakes,2019-07-20,리사이틀홀
841,음악당,독주,김민조 클라리넷 독주회,2019-07-21,리사이틀홀
842,음악당,클래식,음악저널 초청 비루투오조 시리즈 박종화 피아노 독주회,2019-07-21,리사이틀홀
843,음악당,독주,조소연 피아노 독주회,2019-07-23,리사이틀홀
844,음악당,독주,한승화 오보에 독주회,2019-07-24,리사이틀홀
845,음악당,독주,허경호 콘트라베이스 독주회,2019-07-25,리사이틀홀
846,음악당,독주,김란도 플루트 독주회,2019-07-26,리사이틀홀
847,음악당,실내악,노모스 트리오,2019-07-27,리사이틀홀
848,음악당,성악,바리톤 안대현 귀국 독창회,2019-07-27,리사이틀홀
849,음악당,실내악,해설이 있는 청소년 음악회,2019-08-11,리사이틀홀
850,음악당,독주,황선민 귀국 바이올린 독주회,2019-08-11,리사이틀홀
851,음악당,실내악,최은정 바이올린 독주회,2019-08-13,리사이틀홀
852,음악당,독주,이경민 귀국 바이올린 독주회,2019-08-14,리사이틀홀
853,음악당,실내악,서울클라리넷 앙상블과 함께하는 해설이 있는 청소년음악회,2019-08-15,리사이틀홀
854,음악당,독주,김미경 귀국 콘트라베이스 독주회,2019-08-16,리사이틀홀
855,음악당,독주,성보경피아노독주회,2019-08-17,리사이틀홀
856,음악당,실내악,여름방학 청소년 음악회 그나마 재밌는 클래식,2019-08-17,리사이틀홀
857,음악당,독주,정도행 피아노 독주회,2019-08-18,리사이틀홀
858,음악당,독주,임성윤 바이올린 독주회,2019-08-18,리사이틀홀
859,음악당,독주,추교준 귀국 피아노 독주회,2019-08-20,리사이틀홀
860,음악당,독주,김유경 귀국 피아노 독주회,2019-08-21,리사이틀홀
861,음악당,실내악,앙상블 페리 연주회,2019-08-22,리사이틀홀
862,음악당,독주,백민정 피아노 독주회,2019-08-23,리사이틀홀
863,음악당,독주,김정은 바이올린 독주회,2019-08-24,리사이틀홀
864,음악당,독주,유키코야마 내한공연,2019-08-24,리사이틀홀
865,음악당,독주,유현지 피아노 독주회,2019-08-25,리사이틀홀
866,음악당,실내악,박재린＆김정수 바이올린 듀오 리사이틀,2019-08-25,리사이틀홀
867,음악당,실내악,제4회 클라쎄아트 정기연주회,2019-08-27,리사이틀홀
868,음악당,독주,강윤지 비올라 독주회,2019-08-28,리사이틀홀
869,음악당,독주,문명환 비올라 독주회,2019-08-29,리사이틀홀
870,음악당,독주,양영욱 색소폰 독주회 VI,2019-08-30,리사이틀홀
871,음악당,독주,유광수 귀국 베이스 트롬본 독주회,2019-08-31,리사이틀홀
872,음악당,독주,최규정 바이올린 독주회,2019-09-01,리사이틀홀
873,음악당,교향곡,김소연 첼로 리사이틀,2019-09-01,리사이틀홀
874,음악당,독주,나재령 플루트 독주회,2019-09-03,리사이틀홀
875,음악당,독주,강희윤 첼로 독주회,2019-09-04,리사이틀홀
876,음악당,실내악,트리오 알투스 정기연주회,2019-09-05,리사이틀홀
877,음악당,교향곡,소프라노 차소용 독창회,2019-09-06,리사이틀홀
878,음악당,독주,김종아 오보에 독주회,2019-09-07,리사이틀홀
879,음악당,독주,이현옥 오보에 독주회,2019-09-07,리사이틀홀
880,음악당,독주,김유진 귀국 플루트 독주회,2019-09-08,리사이틀홀
881,음악당,독주,Piotr Kupka 피아노 독주회,2019-09-08,리사이틀홀
882,음악당,독주,김수련 피아노 독주회,2019-09-10,리사이틀홀
883,음악당,독주,성해린 피아노 독주회,2019-09-17,리사이틀홀
884,음악당,독주,손치호 콘트라베이스 독주회,2019-09-18,리사이틀홀
885,음악당,독주,이철민 귀국 타악기 독주회,2019-09-19,리사이틀홀
886,음악당,클래식,서계숙 피아노 앙상블 연주회,2019-09-20,리사이틀홀
887,음악당,독주,김지혜 피아노 독주회,2019-09-21,리사이틀홀
888,음악당,독주,이송희 첼로 독주회,2019-09-22,리사이틀홀
889,음악당,독주,황순빈 바이올린 독주회,2019-09-22,리사이틀홀
890,음악당,실내악,현대음악앙상블 소리 2019 기획연주회,2019-09-24,리사이틀홀
891,음악당,실내악,제2회 (사)한국작곡가협회· 가우데아무스 국제교류 음악제,2019-09-25,리사이틀홀
892,음악당,실내악,제47회 범 음악제,2019-09-27,리사이틀홀
893,음악당,실내악,아니마 체임버 앙상블의 실내악 음악회,2019-09-28,리사이틀홀
894,음악당,독주,박노을 첼로 독주회,2019-09-28,리사이틀홀
895,음악당,독주,김희균 피아노 독주회,2019-09-29,리사이틀홀
896,음악당,실내악,바이올린 김나정 & 비올라 이은숙 듀오 리사이틀,2019-10-01,리사이틀홀
897,음악당,독주,남희정 피아노 독주회,2019-10-02,리사이틀홀
898,음악당,실내악,AYAF 10주년 기념 음악회,2019-10-03,리사이틀홀
899,음악당,실내악,벨레르 앙상블 창단연주회,2019-10-04,리사이틀홀
900,음악당,독주,윤수빈 플루트 독주회,2019-10-05,리사이틀홀
901,음악당,클래식,임재성 이유현의 베토벤 전곡 시리즈 I,2019-10-05,리사이틀홀
902,음악당,독주,김진훈 바순 독주회,2019-10-06,리사이틀홀
903,음악당,독주,박보윤 Piano Essay IV,2019-10-06,리사이틀홀
904,음악당,독주,권새롬 첼로 독주회,2019-10-08,리사이틀홀
905,음악당,독주,송정민 클라리넷 독주회,2019-10-09,리사이틀홀
906,음악당,독주,바이올리니스트 양정윤 리사이틀,2019-10-10,리사이틀홀
907,음악당,독주,이자윤 바이올린 독주회,2019-10-11,리사이틀홀
908,음악당,독주,황보 영 피아노 독주회,2019-10-12,리사이틀홀
909,음악당,독주,피아니스트 박미정의 All That Art 1,2019-10-12,리사이틀홀
910,음악당,독주,이현정 첼로 독주회,2019-10-13,리사이틀홀
911,음악당,독주,최병호 바이올린 독주회,2019-10-13,리사이틀홀
912,음악당,독주,계명선 피아노 독주회,2019-10-15,리사이틀홀
913,음악당,독주,문재원 피아노 독주회,2019-10-16,리사이틀홀
914,음악당,실내악,김규동 작곡발표회- 인상(印象) III,2019-10-17,리사이틀홀
915,음악당,독주,이태정 바이올린 독주회,2019-10-18,리사이틀홀
916,음악당,실내악,The Piri 오보에 앙상블 제15회 정기연주회,2019-10-19,리사이틀홀
917,음악당,독주,강지원 귀국 첼로 독주회,2019-10-19,리사이틀홀
918,음악당,실내악,세종 목관챔버 앙상블 2019 정기연주회,2019-10-20,리사이틀홀
919,음악당,독주,김정림 피아노 독주회,2019-10-20,리사이틀홀
920,음악당,독주,정지강 피아노 독주회,2019-10-22,리사이틀홀
921,음악당,실내악,미래악회 제44회 작품발표회,2019-10-23,리사이틀홀
922,음악당,독주,윤여영 바이올린 독주회,2019-10-24,리사이틀홀
923,음악당,독주,유미정 피아노 독주회,2019-10-25,리사이틀홀
924,음악당,독주,양윤희 귀국 피아노 독주회,2019-10-26,리사이틀홀
925,음악당,실내악,코리아나 챔버 뮤직 소사이어티 제71회 정기연주회,2019-10-27,리사이틀홀
926,음악당,교향곡,서울기타콰르텟 20주년 정기연주회,2019-10-27,리사이틀홀
927,음악당,독주,한기정 피아노 독주회,2019-10-29,리사이틀홀
928,음악당,실내악,앙상블 프리즈마 정기연주회,2019-10-30,리사이틀홀
929,음악당,독주,조정민 더블베이스 독주회,2019-10-31,리사이틀홀
930,음악당,독주,한동연 첼로 독주회,2019-11-01,리사이틀홀
931,음악당,클래식,제20회 음악영재 가을콘서트 (14시),2019-11-02,리사이틀홀
932,음악당,클래식,제20회 음악영재 가을콘서트 (19시),2019-11-02,리사이틀홀
933,음악당,독주,최 힐 색소폰 독주회,2019-11-03,리사이틀홀
934,음악당,실내악,2019 ACL-Korea 뉴뮤직 콘서트,2019-11-05,리사이틀홀
935,음악당,독주,이영우 피아노 독주회,2019-11-06,리사이틀홀
936,음악당,실내악,(사)한국여성작곡가회 제70회 가을 정기 발표회,2019-11-07,리사이틀홀
937,음악당,실내악,우미현 작곡발표회,2019-11-08,리사이틀홀
938,음악당,성악,신동수 작곡발표회,2019-11-09,리사이틀홀
939,음악당,독주,형수운 피아노 독주회,2019-11-09,리사이틀홀
940,음악당,실내악,Beyond the Border the 5th concert,2019-11-10,리사이틀홀
941,음악당,독주,김남호 튜바 독주회,2019-11-10,리사이틀홀
942,음악당,독주,임경원 첼로 독주회,2019-11-12,리사이틀홀
943,음악당,실내악,2019 대한민국 실내악 작곡제전 V,2019-11-13,리사이틀홀
944,음악당,독주,에르완 리샤 비올라 독주회,2019-11-14,리사이틀홀
945,음악당,독주,이가키 히데유키 초청 피아노 독주회,2019-11-15,리사이틀홀
946,음악당,독주,손소이 플루트 독주회,2019-11-16,리사이틀홀
947,음악당,독주,박지은 플루트 독주회,2019-11-16,리사이틀홀
948,음악당,독주,이지현 피아노 독주회,2019-11-17,리사이틀홀
949,음악당,클래식,서울예술가곡연구회 제 63회 정기연주회,2019-11-19,리사이틀홀
950,음악당,독주,채주연 귀국 피아노 독주회,2019-11-20,리사이틀홀
951,음악당,독주,이형규 오보에 독주회,2019-11-21,리사이틀홀
952,음악당,실내악,소리목 창립 30주년 기념음악회 1989-2019,2019-11-22,리사이틀홀
953,음악당,독주,장하얀 첼로 독주회,2019-11-23,리사이틀홀
954,음악당,독주,이상은 플루트 독주회,2019-11-23,리사이틀홀
955,음악당,독주,윤소영 피아노 독주회,2019-11-24,리사이틀홀
956,음악당,독주,허정인 귀국 첼로 독주회,2019-11-24,리사이틀홀
957,음악당,독주,강서영 첼로 독주회,2019-11-26,리사이틀홀
958,음악당,독주,최운 바이올린 독주회,2019-11-27,리사이틀홀
959,음악당,독주,노신명 피아노 독주회,2019-11-28,리사이틀홀
960,음악당,독주,고의석 기타 독주회,2019-11-29,리사이틀홀
961,음악당,독주,최현정 바이올린 독주회,2019-11-30,리사이틀홀
962,음악당,독주,김수정 첼로 독주회,2019-11-30,리사이틀홀
963,음악당,독주,목혜진 첼로 독주회,2019-12-01,리사이틀홀
964,음악당,독주,김현지 바이올린 독주회,2019-12-01,리사이틀홀
965,음악당,독주,조가람 피아노 독주회,2019-12-03,리사이틀홀
966,음악당,독주,이선진 바이올린 독주회,2019-12-04,리사이틀홀
967,음악당,실내악,황예찬 플루트 독주회,2019-12-05,리사이틀홀
968,음악당,독주,이석중 바이올린 독주회,2019-12-06,리사이틀홀
969,음악당,독주,부윤정 첼로 독주회,2019-12-07,리사이틀홀
970,음악당,독주,김지연 비올라 독주회,2019-12-08,리사이틀홀
971,음악당,독주,유효정 바이올린 독주회,2019-12-08,리사이틀홀
972,음악당,클래식,2019 이스트만 플레이어즈,2019-12-10,리사이틀홀
973,음악당,독주,여윤수 첼로 독주회,2019-12-11,리사이틀홀
974,음악당,실내악,제18회 클랑 목관5중주 정기연주회,2019-12-12,리사이틀홀
975,음악당,클래식,임재성 이유현의 베토벤 전곡연주회 2,2019-12-13,리사이틀홀
976,음악당,독주,최한나 귀국 피아노 독주회,2019-12-14,리사이틀홀
977,음악당,클래식,홍혜도 피아노독주회- Bach&Schubert 시리즈4,2019-12-14,리사이틀홀
978,음악당,독주,권그림 바이올린 독주회,2019-12-15,리사이틀홀
979,음악당,독주,이정화 귀국 피아노 독주회,2019-12-15,리사이틀홀
980,음악당,독주,조지현의 Beethoven Cycle 10회,2019-12-17,리사이틀홀
981,음악당,독주,장혜리 첼로 독주회,2019-12-19,리사이틀홀
982,음악당,독주,왕혜진 첼로 독주회,2019-12-20,리사이틀홀
983,음악당,실내악,2019 앙상블 나무 정기연주회,2019-12-21,리사이틀홀
984,음악당,독주,임리라 피아노 독주회,2019-12-21,리사이틀홀
985,음악당,독주,양고우니 피아노 독주회,2019-12-22,리사이틀홀
986,음악당,독주,천혜진 첼로 독주회,2019-12-22,리사이틀홀
987,음악당,독주,김홍민 첼로 독주회,2019-12-24,리사이틀홀
988,음악당,교향곡,2019 크리스마스 콘서트(2시),2019-12-25,리사이틀홀
989,음악당,실내악,2019 크리스마스 콘서트(7시),2019-12-25,리사이틀홀
990,음악당,복합장르,정원영 바이올린 독주회,2019-12-26,리사이틀홀
991,음악당,독주,유지연 바이올린 독주회,2019-12-27,리사이틀홀
992,음악당,실내악,제3회 그라티아 트리오 정기연주회,2019-12-28,리사이틀홀
993,음악당,실내악,최고은 바이올린 독주회 ‘브람스 전곡 시리즈’,2019-12-29,리사이틀홀
994,음악당,클래식,2019 음악춘추 우수신인데뷔연주회,2019-12-29,리사이틀홀
995,음악당,교향곡,이현주 작곡 발표회,2019-12-31,리사이틀홀
